{"stats":{"minecraft:used":{"alexsmobs:maggot":2,"minecraft:green_carpet":1,"minecraft:dirt":1},"minecraft:picked_up":{"minecraft:mud":7,"minecraft:charcoal":2,"minecraft:stick":1,"minecraft:dark_oak_button":1,"minecraft:green_bed":1,"minecraft:brown_mushroom":2,"minecraft:torch":2,"minecraft:spruce_fence":1,"gravestone:obituary":1,"minecraft:green_carpet":1,"quark:limestone":1,"minecraft:dirt":3,"minecraft:lantern":1,"minecraft:wheat_seeds":2,"alexsmobs:maggot":2,"minecraft:chest":1,"minecraft:piston":1,"minecraft:mangrove_log":22,"minecraft:cobblestone":1},"minecraft:killed_by":{"minecraft:skeleton":2,"minecraft:creeper":4,"minecraft:zombie":1},"minecraft:dropped":{"minecraft:torch":1,"gravestone:obituary":1},"minecraft:custom":{"minecraft:time_since_rest":2408,"minecraft:damage_taken":4200,"minecraft:sprint_one_cm":184017,"minecraft:walk_one_cm":129974,"minecraft:drop":2,"minecraft:damage_dealt":10,"minecraft:fly_one_cm":65573,"minecraft:open_chest":2,"minecraft:crouch_one_cm":1543,"minecraft:play_time":20489,"minecraft:deaths":15,"minecraft:sneak_time":278,"minecraft:walk_under_water_one_cm":294,"minecraft:jump":315,"minecraft:time_since_death":2382,"minecraft:walk_on_water_one_cm":1697,"minecraft:climb_one_cm":286,"minecraft:total_world_time":20489,"minecraft:fall_one_cm":14613},"minecraft:mined":{"minecraft:brown_mushroom":2,"minecraft:mud":1,"treechop:chopped_log":1,"minecraft:mangrove_leaves":1,"gravestone:gravestone":2,"minecraft:spruce_fence":1,"minecraft:grass_block":1,"minecraft:dark_oak_button":1,"minecraft:chest":1,"minecraft:campfire":1,"minecraft:dirt":2,"immersive_weathering:mangrove_leaf_pile":2,"minecraft:green_carpet":1,"minecraft:mangrove_log":1,"minecraft:spruce_leaves":2,"minecraft:piston":1,"minecraft:green_bed":1,"minecraft:wall_torch":1}},"DataVersion":3465}