{"stats":{"minecraft:used":{"minecraft:mud":1,"alexsmobs:maggot":2,"minecraft:rotten_flesh":2,"minecraft:mossy_cobblestone":1,"minecraft:green_carpet":1,"minecraft:dirt":21},"minecraft:picked_up":{"minecraft:mud":8,"minecraft:charcoal":2,"minecraft:stick":1,"minecraft:dark_oak_button":1,"minecraft:green_bed":1,"minecraft:brown_mushroom":4,"minecraft:torch":2,"minecraft:spruce_fence":1,"gravestone:obituary":1,"minecraft:green_carpet":1,"quark:limestone":1,"minecraft:dirt":28,"minecraft:mossy_cobblestone":2,"minecraft:lantern":1,"minecraft:rotten_flesh":2,"minecraft:bone":1,"minecraft:arrow":1,"minecraft:wheat_seeds":4,"alexsmobs:maggot":2,"minecraft:snowball":3,"minecraft:chest":1,"minecraft:piston":1,"minecraft:mangrove_log":22,"minecraft:cobblestone":1},"minecraft:killed_by":{"minecraft:skeleton":3,"minecraft:creeper":6,"minecraft:zombie":3,"aquamirae:maw":1},"minecraft:dropped":{"minecraft:torch":1,"gravestone:obituary":1},"minecraft:custom":{"minecraft:time_since_rest":96,"minecraft:damage_taken":5960,"minecraft:sprint_one_cm":359827,"minecraft:walk_one_cm":200089,"minecraft:drop":2,"minecraft:damage_dealt":34,"minecraft:fly_one_cm":182422,"minecraft:open_chest":3,"minecraft:crouch_one_cm":1925,"minecraft:play_time":36030,"minecraft:deaths":21,"minecraft:sneak_time":337,"minecraft:walk_under_water_one_cm":6557,"minecraft:jump":779,"minecraft:leave_game":1,"minecraft:time_since_death":70,"minecraft:walk_on_water_one_cm":15331,"minecraft:climb_one_cm":446,"minecraft:total_world_time":36030,"minecraft:fall_one_cm":24648},"minecraft:mined":{"minecraft:brown_mushroom":4,"minecraft:mud":2,"treechop:chopped_log":1,"minecraft:mangrove_leaves":1,"gravestone:gravestone":2,"minecraft:grass":2,"minecraft:spruce_fence":1,"minecraft:grass_block":2,"minecraft:dark_oak_button":1,"minecraft:chest":1,"minecraft:campfire":1,"minecraft:dirt":7,"immersive_weathering:mangrove_leaf_pile":2,"minecraft:green_carpet":1,"minecraft:mangrove_log":1,"minecraft:spruce_leaves":2,"minecraft:piston":1,"minecraft:green_bed":1,"minecraft:wall_torch":1}},"DataVersion":3465}