{"stats":{"minecraft:used":{"minecraft:green_carpet":1,"alexsmobs:maggot":2},"minecraft:picked_up":{"minecraft:dark_oak_button":1,"minecraft:brown_mushroom":2,"minecraft:torch":2,"gravestone:obituary":1,"alexsmobs:maggot":2,"minecraft:green_carpet":1,"minecraft:piston":1,"minecraft:lantern":1},"minecraft:killed_by":{"minecraft:skeleton":1},"minecraft:dropped":{"gravestone:obituary":1,"minecraft:torch":1},"minecraft:custom":{"minecraft:time_since_rest":4002,"minecraft:open_chest":1,"minecraft:deaths":1,"minecraft:crouch_one_cm":1112,"minecraft:play_time":8489,"minecraft:sprint_one_cm":42372,"minecraft:damage_taken":515,"minecraft:walk_one_cm":57995,"minecraft:sneak_time":173,"minecraft:drop":2,"minecraft:jump":73,"minecraft:time_since_death":3972,"minecraft:total_world_time":8489,"minecraft:fall_one_cm":2140,"minecraft:fly_one_cm":13770},"minecraft:mined":{"minecraft:dark_oak_button":1,"minecraft:brown_mushroom":2,"immersive_weathering:mangrove_leaf_pile":1,"minecraft:green_carpet":1,"minecraft:piston":1,"minecraft:mangrove_leaves":1,"minecraft:wall_torch":1}},"DataVersion":3465}