{"stats":{"minecraft:custom":{"minecraft:jump":35,"minecraft:time_since_rest":3716,"minecraft:damage_dealt":80,"minecraft:leave_game":1,"minecraft:sprint_one_cm":9078,"minecraft:play_time":3716,"minecraft:damage_taken":185,"minecraft:time_since_death":3716,"minecraft:walk_one_cm":21110,"minecraft:climb_one_cm":54,"minecraft:total_world_time":3716,"minecraft:mob_kills":1,"minecraft:fall_one_cm":1924,"minecraft:fly_one_cm":15433},"minecraft:picked_up":{"minecraft:mutton":2,"minecraft:white_wool":1},"minecraft:killed":{"minecraft:sheep":1},"minecraft:used":{"minecraft:mutton":1}},"DataVersion":3465}