{"stats":{"minecraft:custom":{"minecraft:time_since_rest":12534,"minecraft:interact_with_furnace":1,"minecraft:sprint_one_cm":424262,"minecraft:damage_taken":2471,"minecraft:walk_one_cm":283280,"minecraft:mob_kills":4,"minecraft:drop":8,"minecraft:damage_dealt":898,"minecraft:swim_one_cm":14146,"minecraft:player_kills":1,"minecraft:interact_with_crafting_table":2,"minecraft:fly_one_cm":175508,"minecraft:open_chest":5,"minecraft:crouch_one_cm":3240,"minecraft:play_time":54658,"minecraft:sneak_time":617,"minecraft:deaths":9,"minecraft:walk_under_water_one_cm":1744,"minecraft:jump":508,"minecraft:leave_game":4,"minecraft:time_since_death":12507,"minecraft:walk_on_water_one_cm":3236,"minecraft:climb_one_cm":1104,"minecraft:total_world_time":54658,"minecraft:fall_one_cm":6681},"minecraft:picked_up":{"minecraft:dark_oak_button":2,"minecraft:mud":17,"minecraft:stick":2,"minecraft:dark_oak_slab":1,"minecraft:cooked_beef":3,"minecraft:clay_ball":3,"minecraft:green_bed":1,"minecraft:stripped_spruce_wood":2,"gravestone:obituary":4,"minecraft:string":3,"minecraft:dirt":33,"minecraft:dark_oak_planks":1,"minecraft:bone":1,"minecraft:arrow":4,"minecraft:rotten_flesh":4,"minecraft:wheat_seeds":1,"minecraft:cobbled_deepslate":1,"minecraft:spruce_planks":3,"minecraft:stripped_dark_oak_wood":1,"supplementaries:ash":1,"minecraft:bread":2,"alexsmobs:maggot":1,"minecraft:mangrove_log":10,"minecraft:coal":1,"minecraft:snowball":10},"minecraft:dropped":{"gravestone:obituary":8},"minecraft:mined":{"minecraft:podzol":2,"minecraft:mangrove_leaves":3,"minecraft:stripped_dark_oak_wood":1,"gravestone:gravestone":4,"minecraft:vine":1,"minecraft:dirt":1,"minecraft:mangrove_log":5,"minecraft:green_bed":1,"minecraft:fern":1},"minecraft:killed_by":{"minecraft:player":1,"mutantmonsters:mutant_skeleton":1,"minecraft:creeper":1,"minecraft:spider":1,"minecraft:zombie":3},"minecraft:crafted":{"minecraft:wooden_sword":1,"minecraft:dark_oak_planks":4},"minecraft:killed":{"minecraft:skeleton":1,"minecraft:zombie":1,"minecraft:spider":1},"minecraft:used":{"minecraft:mud":14,"minecraft:bread":5,"minecraft:green_bed":1,"minecraft:rotten_flesh":5,"minecraft:wooden_sword":26,"minecraft:dirt":18,"minecraft:sweet_berries":3,"minecraft:cooked_beef":3}},"DataVersion":3465}