{"stats":{"minecraft:custom":{"minecraft:time_since_rest":1763,"minecraft:damage_taken":1016,"minecraft:sprint_one_cm":97828,"minecraft:play_time":14347,"minecraft:deaths":4,"minecraft:walk_one_cm":60059,"minecraft:walk_under_water_one_cm":31,"minecraft:jump":118,"minecraft:damage_dealt":39,"minecraft:leave_game":3,"minecraft:walk_on_water_one_cm":833,"minecraft:time_since_death":1730,"minecraft:total_world_time":14347,"minecraft:fall_one_cm":1866,"minecraft:fly_one_cm":22330,"minecraft:player_kills":1},"minecraft:picked_up":{"minecraft:arrow":2,"minecraft:bone":1,"gravestone:obituary":2,"alexsmobs:maggot":1,"minecraft:dirt":15},"minecraft:mined":{"minecraft:podzol":2,"minecraft:dirt":1,"minecraft:fern":1},"minecraft:killed_by":{"minecraft:creeper":1,"minecraft:zombie":1,"minecraft:player":1}},"DataVersion":3465}