{"stats":{"minecraft:custom":{"minecraft:time_since_rest":2985,"minecraft:interact_with_furnace":1,"minecraft:damage_taken":2891,"minecraft:sprint_one_cm":504451,"minecraft:walk_one_cm":314258,"minecraft:mob_kills":4,"minecraft:drop":8,"minecraft:damage_dealt":898,"minecraft:talked_to_villager":1,"minecraft:interact_with_crafting_table":2,"minecraft:player_kills":1,"minecraft:swim_one_cm":14146,"minecraft:fly_one_cm":404088,"minecraft:open_chest":5,"minecraft:crouch_one_cm":3240,"minecraft:play_time":61985,"minecraft:deaths":11,"minecraft:sneak_time":617,"minecraft:walk_under_water_one_cm":1744,"minecraft:jump":854,"minecraft:leave_game":4,"minecraft:sleep_in_bed":1,"minecraft:time_since_death":2946,"minecraft:walk_on_water_one_cm":3236,"minecraft:total_world_time":61985,"minecraft:climb_one_cm":1104,"minecraft:fall_one_cm":14660},"minecraft:picked_up":{"minecraft:mud":33,"minecraft:stick":2,"minecraft:dark_oak_slab":1,"minecraft:dark_oak_button":2,"minecraft:cooked_beef":3,"minecraft:clay_ball":3,"minecraft:leather":13,"minecraft:green_bed":3,"minecraft:spruce_fence":1,"minecraft:porkchop":7,"minecraft:stripped_spruce_wood":2,"gravestone:obituary":4,"minecraft:dirt":36,"minecraft:string":3,"minecraft:dark_oak_planks":1,"minecraft:arrow":4,"minecraft:bone":1,"minecraft:rotten_flesh":4,"minecraft:wheat_seeds":1,"minecraft:cobbled_deepslate":1,"minecraft:rabbit_hide":1,"minecraft:spruce_planks":3,"minecraft:beef":6,"minecraft:stripped_dark_oak_wood":1,"minecraft:rabbit":1,"minecraft:bread":2,"supplementaries:ash":1,"alexsmobs:maggot":1,"immersive_weathering:tallow":6,"minecraft:mangrove_log":10,"minecraft:coal":1,"minecraft:snowball":30,"minecraft:wheat":1},"minecraft:dropped":{"gravestone:obituary":8},"minecraft:mined":{"minecraft:podzol":2,"minecraft:powder_snow":4,"minecraft:mangrove_leaves":3,"minecraft:stripped_dark_oak_wood":1,"gravestone:gravestone":5,"minecraft:spruce_fence":1,"minecraft:vine":1,"minecraft:dirt":4,"minecraft:mangrove_log":5,"minecraft:green_bed":3,"minecraft:fern":1},"minecraft:killed_by":{"minecraft:player":1,"mutantmonsters:mutant_skeleton":1,"minecraft:creeper":1,"minecraft:spider":1,"minecraft:zombie":4},"minecraft:crafted":{"minecraft:wooden_sword":1,"minecraft:dark_oak_planks":4},"minecraft:killed":{"minecraft:skeleton":1,"minecraft:zombie":1,"minecraft:spider":1},"minecraft:used":{"minecraft:mud":14,"minecraft:bread":5,"minecraft:green_bed":2,"minecraft:rotten_flesh":6,"minecraft:wooden_sword":26,"minecraft:dirt":18,"minecraft:sweet_berries":3,"minecraft:cooked_beef":3,"minecraft:spruce_fence":1}},"DataVersion":3465}