{"stats":{"minecraft:custom":{"minecraft:time_since_rest":2396,"minecraft:interact_with_furnace":1,"minecraft:sprint_one_cm":249343,"minecraft:damage_taken":1481,"minecraft:walk_one_cm":188090,"minecraft:mob_kills":1,"minecraft:drop":6,"minecraft:damage_dealt":278,"minecraft:player_kills":1,"minecraft:interact_with_crafting_table":1,"minecraft:fly_one_cm":112534,"minecraft:open_chest":3,"minecraft:play_time":38347,"minecraft:deaths":6,"minecraft:walk_under_water_one_cm":31,"minecraft:jump":339,"minecraft:leave_game":3,"minecraft:time_since_death":2367,"minecraft:walk_on_water_one_cm":1101,"minecraft:climb_one_cm":32,"minecraft:total_world_time":38347,"minecraft:fall_one_cm":4332},"minecraft:picked_up":{"minecraft:dark_oak_button":2,"minecraft:mud":17,"minecraft:stick":2,"minecraft:dark_oak_slab":1,"minecraft:cooked_beef":3,"minecraft:clay_ball":3,"minecraft:green_bed":1,"minecraft:stripped_spruce_wood":2,"gravestone:obituary":3,"minecraft:dirt":33,"minecraft:dark_oak_planks":1,"minecraft:bone":1,"minecraft:arrow":2,"minecraft:rotten_flesh":3,"minecraft:wheat_seeds":1,"minecraft:cobbled_deepslate":1,"minecraft:spruce_planks":3,"minecraft:stripped_dark_oak_wood":1,"alexsmobs:maggot":1,"minecraft:coal":1,"minecraft:snowball":10},"minecraft:dropped":{"gravestone:obituary":6},"minecraft:mined":{"minecraft:podzol":2,"minecraft:stripped_dark_oak_wood":1,"gravestone:gravestone":2,"minecraft:dirt":1,"minecraft:green_bed":1,"minecraft:fern":1},"minecraft:killed_by":{"minecraft:player":1,"minecraft:creeper":1,"minecraft:zombie":2},"minecraft:crafted":{"minecraft:wooden_sword":1,"minecraft:dark_oak_planks":4},"minecraft:used":{"minecraft:wooden_sword":6,"minecraft:cooked_beef":3}},"DataVersion":3465}