{"stats":{"minecraft:custom":{"minecraft:interact_with_furnace":7,"minecraft:mob_kills":7,"minecraft:interact_with_crafting_table":11,"minecraft:damage_dealt_resisted":27,"minecraft:leave_game":4,"minecraft:time_since_death":31314,"minecraft:sleep_in_bed":4,"minecraft:climb_one_cm":1104,"minecraft:time_since_rest":5711,"minecraft:sprint_one_cm":781455,"minecraft:damage_taken":3387,"minecraft:walk_one_cm":572583,"minecraft:drop":35,"minecraft:damage_dealt":1304,"minecraft:swim_one_cm":14146,"minecraft:talked_to_villager":1,"minecraft:fly_one_cm":732245,"minecraft:player_kills":1,"minecraft:open_chest":12,"minecraft:crouch_one_cm":3240,"minecraft:play_time":109985,"minecraft:deaths":12,"minecraft:sneak_time":634,"minecraft:walk_under_water_one_cm":1744,"minecraft:jump":1519,"minecraft:walk_on_water_one_cm":3236,"minecraft:total_world_time":109985,"minecraft:fall_one_cm":23324},"minecraft:picked_up":{"minecraft:allium":1,"minecraft:mud":33,"minecraft:crafting_table":3,"minecraft:wheat":2,"minecraft:cooked_beef":3,"minecraft:dark_oak_button":2,"minecraft:clay_ball":8,"minecraft:leather":13,"minecraft:stripped_spruce_wood":2,"gravestone:obituary":22,"minecraft:cobblestone_stairs":2,"minecraft:gunpowder":2,"minecraft:string":4,"minecraft:dirt":49,"minecraft:lantern":2,"minecraft:item_frame":3,"minecraft:bone":1,"minecraft:wheat_seeds":1,"minecraft:cobbled_deepslate":2,"minecraft:spruce_planks":3,"minecraft:rabbit_hide":1,"minecraft:beef":6,"minecraft:rabbit":1,"minecraft:mangrove_log":10,"immersive_weathering:tallow":6,"minecraft:furnace":1,"minecraft:dark_oak_door":1,"minecraft:stick":2,"minecraft:dark_oak_slab":1,"minecraft:green_bed":4,"minecraft:spruce_fence":4,"minecraft:porkchop":7,"biomesoplenty:fir_fence":327,"minecraft:stripped_spruce_log":30,"minecraft:spruce_log":4,"minecraft:dark_oak_planks":1,"minecraft:rotten_flesh":7,"minecraft:arrow":6,"minecraft:hay_block":16,"minecraft:stripped_dark_oak_wood":1,"minecraft:gold_ingot":2,"minecraft:bread":7,"alexsmobs:maggot":1,"supplementaries:ash":2,"spelunkers_charm:rock":2,"minecraft:coal":1,"minecraft:snowball":32,"minecraft:cobblestone":420},"minecraft:dropped":{"minecraft:bread":10,"minecraft:cobbled_deepslate":1,"minecraft:wheat":1,"minecraft:leather_boots":1,"gravestone:obituary":29,"minecraft:string":1},"minecraft:mined":{"minecraft:podzol":2,"minecraft:cobblestone_stairs":2,"minecraft:powder_snow":39,"minecraft:crafting_table":3,"gravestone:gravestone":7,"minecraft:grass_block":2,"minecraft:spruce_fence":4,"spelunkers_charm:rock_pile_2":1,"minecraft:cobblestone":110,"minecraft:hay_block":16,"minecraft:furnace":1,"biomesoplenty:fir_fence":7,"minecraft:mangrove_leaves":3,"minecraft:stripped_dark_oak_wood":1,"minecraft:vine":1,"minecraft:dirt_path":1,"minecraft:dirt":4,"minecraft:mangrove_log":5,"minecraft:stone":309,"minecraft:fern":1,"minecraft:green_bed":4},"minecraft:killed_by":{"minecraft:player":1,"mutantmonsters:mutant_skeleton":1,"minecraft:creeper":2,"minecraft:spider":1,"minecraft:zombie":4},"minecraft:killed":{"minecraft:spider":1,"minecraft:skeleton":1,"minecraft:zombie":3},"minecraft:crafted":{"minecraft:cooked_beef":6,"minecraft:wooden_sword":1,"minecraft:leather_boots":2,"minecraft:crafting_table":2,"minecraft:spruce_planks":8,"minecraft:wooden_pickaxe":1,"minecraft:furnace":1,"minecraft:cobblestone_stairs":4,"minecraft:stone_axe":1,"minecraft:bread":48,"minecraft:air":0,"minecraft:stick":4,"minecraft:stone_pickaxe":4,"minecraft:stone_sword":1,"minecraft:dark_oak_planks":4,"minecraft:cooked_rabbit":1,"minecraft:wheat":144},"minecraft:broken":{"minecraft:stone_pickaxe":3},"minecraft:used":{"minecraft:stone_sword":9,"minecraft:cobblestone_stairs":2,"minecraft:stone_pickaxe":403,"minecraft:wooden_pickaxe":20,"minecraft:green_bed":4,"minecraft:leather_boots":1,"minecraft:rotten_flesh":6,"minecraft:dirt":22,"minecraft:crafting_table":4,"minecraft:allium":1,"minecraft:spruce_fence":4,"minecraft:dark_oak_door":1,"minecraft:mud":24,"minecraft:bread":12,"minecraft:item_frame":3,"minecraft:stone_axe":14,"minecraft:wooden_sword":26,"minecraft:cobblestone":2,"minecraft:sweet_berries":3,"minecraft:furnace":2,"minecraft:cooked_rabbit":1,"minecraft:cooked_beef":7,"biomesoplenty:fir_fence":7}},"DataVersion":3465}