{"stats":{"minecraft:custom":{"minecraft:interact_with_furnace":4,"minecraft:mob_kills":4,"minecraft:interact_with_crafting_table":7,"minecraft:leave_game":4,"minecraft:time_since_death":14946,"minecraft:sleep_in_bed":1,"minecraft:climb_one_cm":1104,"minecraft:time_since_rest":14985,"minecraft:sprint_one_cm":576194,"minecraft:damage_taken":2891,"minecraft:walk_one_cm":362052,"minecraft:drop":16,"minecraft:damage_dealt":898,"minecraft:swim_one_cm":14146,"minecraft:talked_to_villager":1,"minecraft:fly_one_cm":457271,"minecraft:player_kills":1,"minecraft:open_chest":6,"minecraft:crouch_one_cm":3240,"minecraft:play_time":73985,"minecraft:deaths":11,"minecraft:sneak_time":634,"minecraft:walk_under_water_one_cm":1744,"minecraft:jump":972,"minecraft:walk_on_water_one_cm":3236,"minecraft:total_world_time":73985,"minecraft:fall_one_cm":16183},"minecraft:picked_up":{"minecraft:mud":33,"minecraft:crafting_table":1,"minecraft:wheat":1,"minecraft:cooked_beef":3,"minecraft:dark_oak_button":2,"minecraft:clay_ball":3,"minecraft:leather":13,"minecraft:stripped_spruce_wood":2,"gravestone:obituary":9,"minecraft:string":3,"minecraft:dirt":39,"minecraft:item_frame":1,"minecraft:bone":1,"minecraft:wheat_seeds":1,"minecraft:cobbled_deepslate":1,"minecraft:spruce_planks":3,"minecraft:rabbit_hide":1,"minecraft:beef":6,"minecraft:rabbit":1,"minecraft:mangrove_log":10,"immersive_weathering:tallow":6,"minecraft:furnace":1,"minecraft:stick":2,"minecraft:dark_oak_slab":1,"minecraft:green_bed":4,"minecraft:spruce_fence":1,"minecraft:porkchop":7,"minecraft:dark_oak_planks":1,"minecraft:rotten_flesh":4,"minecraft:arrow":4,"minecraft:stripped_dark_oak_wood":1,"minecraft:gold_ingot":1,"minecraft:bread":7,"alexsmobs:maggot":1,"supplementaries:ash":1,"minecraft:coal":1,"minecraft:snowball":30,"minecraft:cobblestone":20},"minecraft:dropped":{"minecraft:bread":10,"gravestone:obituary":14},"minecraft:mined":{"minecraft:podzol":2,"minecraft:powder_snow":39,"minecraft:crafting_table":1,"gravestone:gravestone":6,"minecraft:grass_block":2,"minecraft:spruce_fence":1,"minecraft:furnace":1,"minecraft:mangrove_leaves":3,"minecraft:stripped_dark_oak_wood":1,"minecraft:vine":1,"minecraft:dirt_path":1,"minecraft:dirt":4,"minecraft:mangrove_log":5,"minecraft:stone":20,"minecraft:fern":1,"minecraft:green_bed":4},"minecraft:killed_by":{"minecraft:player":1,"mutantmonsters:mutant_skeleton":1,"minecraft:creeper":1,"minecraft:spider":1,"minecraft:zombie":4},"minecraft:killed":{"minecraft:spider":1,"minecraft:skeleton":1,"minecraft:zombie":1},"minecraft:crafted":{"minecraft:cooked_beef":2,"minecraft:wooden_sword":1,"minecraft:crafting_table":1,"minecraft:spruce_planks":4,"minecraft:wooden_pickaxe":1,"minecraft:furnace":1,"minecraft:stone_axe":1,"minecraft:air":0,"minecraft:stone_pickaxe":1,"minecraft:stone_sword":1,"minecraft:dark_oak_planks":4,"minecraft:cooked_rabbit":1},"minecraft:used":{"minecraft:stone_pickaxe":1,"minecraft:wooden_pickaxe":20,"minecraft:green_bed":3,"minecraft:rotten_flesh":6,"minecraft:dirt":22,"minecraft:crafting_table":1,"minecraft:spruce_fence":1,"minecraft:mud":24,"minecraft:bread":5,"minecraft:item_frame":1,"minecraft:stone_axe":2,"minecraft:wooden_sword":26,"minecraft:sweet_berries":3,"minecraft:furnace":1,"minecraft:cooked_rabbit":1,"minecraft:cooked_beef":5}},"DataVersion":3465}