{"stats":{"minecraft:custom":{"minecraft:time_since_rest":5747,"minecraft:damage_taken":1016,"minecraft:sprint_one_cm":154572,"minecraft:play_time":26347,"minecraft:deaths":5,"minecraft:walk_one_cm":97364,"minecraft:walk_under_water_one_cm":31,"minecraft:jump":222,"minecraft:damage_dealt":39,"minecraft:leave_game":3,"minecraft:walk_on_water_one_cm":833,"minecraft:time_since_death":5534,"minecraft:total_world_time":26347,"minecraft:fall_one_cm":2286,"minecraft:fly_one_cm":67956,"minecraft:player_kills":1},"minecraft:picked_up":{"minecraft:cooked_beef":2,"minecraft:arrow":2,"minecraft:bone":1,"gravestone:obituary":2,"alexsmobs:maggot":1,"minecraft:dirt":15},"minecraft:mined":{"minecraft:podzol":2,"minecraft:dirt":1,"minecraft:fern":1},"minecraft:killed_by":{"minecraft:creeper":1,"minecraft:zombie":1,"minecraft:player":1}},"DataVersion":3465}