{"stats":{"minecraft:mined":{"minecraft:spruce_log":1},"minecraft:custom":{"minecraft:time_since_rest":75379,"minecraft:sprint_one_cm":471819,"minecraft:damage_taken":180,"minecraft:walk_one_cm":611937,"minecraft:interact_with_anvil":1,"minecraft:drop":13,"minecraft:play_record":1,"minecraft:fly_one_cm":771172,"minecraft:crouch_one_cm":42306,"minecraft:play_time":110050,"minecraft:deaths":1,"minecraft:bell_ring":25,"minecraft:sneak_time":6908,"minecraft:walk_under_water_one_cm":55,"minecraft:jump":1188,"minecraft:leave_game":2,"minecraft:time_since_death":75345,"minecraft:walk_on_water_one_cm":17401,"minecraft:climb_one_cm":960,"minecraft:total_world_time":110050,"minecraft:fall_one_cm":3549},"minecraft:picked_up":{"minecraft:stick":10,"minecraft:cooked_beef":3,"minecraft:lead":1,"minecraft:pink_carpet":2,"minecraft:spruce_sapling":16,"minecraft:spruce_log":20,"quark:red_blossom_sapling":1,"minecraft:music_disc_ward":1,"minecraft:light_gray_carpet":1,"minecraft:glass_bottle":3,"endrem:undead_eye":1,"minecraft:warped_roots":1,"minecraft:flowering_azalea":2},"minecraft:used":{"minecraft:small_dripleaf":2,"supplementaries:jar":9,"minecraft:honey_block":1,"minecraft:flowering_azalea":2,"minecraft:lantern":7,"minecraft:lead":23,"minecraft:music_disc_ward":1,"supplementaries:speaker_block":1,"minecraft:tube_coral":3,"minecraft:warped_roots":1,"minecraft:dirt":79,"minecraft:potion":13,"minecraft:horn_coral":3,"minecraft:sweet_berries":136,"supplementaries:faucet":4,"immersive_weathering:dune_grass":3,"minecraft:dead_tube_coral":2,"minecraft:stripped_oak_log":1,"minecraft:sea_pickle":2,"minecraft:fire_coral":3,"minecraft:kelp":2,"minecraft:beehive":2,"minecraft:seagrass":4,"minecraft:turtle_egg":2,"quark:red_blossom_sapling":1,"minecraft:jukebox":1,"minecraft:honey_bottle":12},"minecraft:dropped":{"minecraft:sweet_berries":3,"minecraft:cooked_beef":1,"minecraft:glass_bottle":1,"minecraft:name_tag":1,"minecraft:honey_bottle":2,"endrem:undead_eye":1,"minecraft:spruce_sapling":3,"minecraft:stick":1}},"DataVersion":3465}