{"stats":{"minecraft:used":{"minecraft:cooked_mutton":7,"minecraft:stone_sword":5,"minecraft:lead":23,"minecraft:baked_potato":13,"minecraft:chest":1,"minecraft:iron_sword":15,"biomesoplenty:fir_planks":8,"minecraft:leather_boots":1,"minecraft:green_bed":10,"minecraft:tube_coral":3,"minecraft:warped_roots":1,"minecraft:golden_apple":1,"minecraft:dirt":85,"minecraft:crafting_table":3,"supplementaries:faucet":4,"minecraft:dead_tube_coral":2,"minecraft:fire_coral":3,"minecraft:beehive":2,"minecraft:honey_bottle":12,"minecraft:small_dripleaf":2,"supplementaries:jar":9,"minecraft:honey_block":1,"minecraft:flowering_azalea":2,"minecraft:bricks":3,"minecraft:lantern":7,"minecraft:bread":13,"minecraft:music_disc_ward":1,"minecraft:iron_pickaxe":9,"supplementaries:speaker_block":1,"minecraft:item_frame":1,"minecraft:stone_axe":23,"minecraft:bow":7,"minecraft:potion":13,"minecraft:horn_coral":3,"minecraft:hay_block":10,"minecraft:sweet_berries":136,"minecraft:furnace":1,"immersive_weathering:dune_grass":3,"minecraft:sea_pickle":2,"minecraft:potato":1,"minecraft:stripped_oak_log":1,"minecraft:kelp":2,"minecraft:turtle_egg":2,"minecraft:seagrass":4,"quark:red_blossom_sapling":1,"minecraft:jukebox":1,"minecraft:experience_bottle":2},"minecraft:dropped":{"minecraft:sweet_berries":3,"minecraft:cooked_beef":1,"minecraft:stone_sword":1,"minecraft:glass_bottle":1,"minecraft:name_tag":1,"minecraft:honey_bottle":2,"biomesoplenty:fir_sapling":6,"minecraft:item_frame":3,"minecraft:stick":1,"biomesoplenty:fir_planks":16,"gravestone:obituary":3,"minecraft:bone":2,"endrem:undead_eye":1,"minecraft:spruce_sapling":3},"minecraft:killed_by":{"mutantmonsters:mutant_skeleton":1,"minecraft:skeleton":2,"minecraft:creeper":2,"minecraft:spider":1,"minecraft:zombie":1,"alexsmobs:snow_leopard":1},"minecraft:custom":{"minecraft:interact_with_furnace":16,"minecraft:mob_kills":4,"minecraft:interact_with_anvil":1,"minecraft:play_record":1,"minecraft:interact_with_crafting_table":10,"minecraft:open_barrel":1,"minecraft:bell_ring":25,"minecraft:eat_cake_slice":4,"minecraft:leave_game":3,"minecraft:time_since_death":2400,"minecraft:sleep_in_bed":5,"minecraft:climb_one_cm":5629,"minecraft:time_since_rest":2433,"minecraft:waystone_activated":1,"minecraft:sprint_one_cm":1164079,"minecraft:damage_absorbed":33,"minecraft:damage_taken":4647,"minecraft:walk_one_cm":1301622,"minecraft:drop":24,"minecraft:damage_dealt":1004,"minecraft:swim_one_cm":3320,"minecraft:fly_one_cm":1383372,"minecraft:player_kills":1,"minecraft:open_chest":69,"minecraft:crouch_one_cm":73543,"minecraft:play_time":225424,"minecraft:deaths":11,"minecraft:sneak_time":12887,"minecraft:walk_under_water_one_cm":2584,"minecraft:jump":2666,"minecraft:walk_on_water_one_cm":24202,"minecraft:total_world_time":225424,"minecraft:fall_one_cm":31787},"minecraft:picked_up":{"minecraft:mud":12,"minecraft:crafting_table":3,"minecraft:wheat":3,"minecraft:cooked_beef":3,"minecraft:dark_oak_button":3,"quark:hollow_spruce_log":1,"minecraft:lead":1,"minecraft:potato":74,"biomesoplenty:fir_sapling":6,"biomesoplenty:fir_log":20,"minecraft:dirt":8,"minecraft:paper":1,"minecraft:cooked_mutton":7,"minecraft:item_frame":27,"minecraft:experience_bottle":2,"minecraft:bone":10,"minecraft:bow":1,"minecraft:wheat_seeds":11,"endrem:undead_eye":1,"minecraft:glass_bottle":3,"minecraft:furnace":1,"minecraft:chest":1,"minecraft:flowering_azalea":2,"minecraft:mangrove_log":10,"minecraft:scaffolding":1,"minecraft:stick":23,"minecraft:dark_oak_slab":1,"minecraft:sweet_berries":4,"minecraft:green_bed":12,"minecraft:gravel":2,"minecraft:pink_carpet":2,"minecraft:stripped_spruce_log":4,"minecraft:spruce_sapling":16,"minecraft:spruce_log":23,"quark:red_blossom_sapling":1,"minecraft:carrot":19,"minecraft:stone_pressure_plate":1,"minecraft:stone_sword":1,"minecraft:arrow":12,"minecraft:rotten_flesh":2,"minecraft:beetroot_seeds":7,"minecraft:music_disc_ward":1,"minecraft:writable_book":1,"minecraft:hay_block":23,"minecraft:cobblestone":1,"minecraft:emerald":6,"minecraft:bread":5,"minecraft:gold_ingot":4,"minecraft:warped_roots":1,"minecraft:light_gray_carpet":1,"minecraft:snowball":7},"minecraft:mined":{"minecraft:scaffolding":1,"minecraft:powder_snow":30,"minecraft:crafting_table":3,"gravestone:gravestone":5,"minecraft:grass_block":3,"minecraft:chest":1,"minecraft:hay_block":23,"minecraft:large_fern":1,"minecraft:furnace":1,"minecraft:carrots":5,"biomesoplenty:fir_fence":1,"amendments:directional_cake":1,"minecraft:wheat":3,"minecraft:spruce_log":1,"treechop:chopped_log":2,"minecraft:grass":5,"minecraft:potatoes":20,"minecraft:dirt_path":2,"minecraft:gravel":2,"minecraft:dirt":4,"minecraft:mangrove_log":5,"minecraft:stone_bricks":2,"minecraft:stone":4,"minecraft:green_bed":11},"minecraft:killed":{"minecraft:skeleton":3,"minecraft:stray":1},"minecraft:crafted":{"minecraft:leather_boots":1,"minecraft:baked_potato":37,"biomesoplenty:fir_planks":80,"minecraft:iron_chestplate":1,"minecraft:golden_apple":1,"minecraft:shield":1,"minecraft:stone_pickaxe":1,"minecraft:stone_sword":1,"minecraft:wheat":9}},"DataVersion":3465}