{"stats":{"minecraft:used":{"minecraft:stone_sword":5,"minecraft:chest":1,"minecraft:iron_sword":67,"minecraft:tube_coral":3,"minecraft:torch":1,"minecraft:dirt":85,"supplementaries:faucet":4,"minecraft:dead_tube_coral":2,"minecraft:beehive":2,"minecraft:honey_bottle":12,"minecraft:small_dripleaf":2,"supplementaries:jar":9,"minecraft:honey_block":1,"minecraft:flowering_azalea":2,"minecraft:bricks":3,"minecraft:lantern":7,"minecraft:music_disc_ward":1,"supplementaries:speaker_block":1,"minecraft:item_frame":1,"minecraft:bow":15,"minecraft:horn_coral":3,"minecraft:hay_block":10,"minecraft:sweet_berries":136,"immersive_weathering:dune_grass":3,"minecraft:furnace":2,"minecraft:potato":1,"minecraft:turtle_egg":2,"minecraft:seagrass":4,"minecraft:cooked_mutton":12,"minecraft:lead":23,"minecraft:baked_potato":35,"biomesoplenty:fir_planks":8,"minecraft:green_bed":20,"minecraft:leather_boots":1,"minecraft:warped_roots":1,"minecraft:golden_apple":1,"minecraft:mossy_cobblestone":3,"minecraft:crafting_table":3,"minecraft:fire_coral":3,"minecraft:bread":22,"minecraft:iron_pickaxe":63,"minecraft:stone_axe":65,"minecraft:potion":13,"minecraft:sea_pickle":2,"minecraft:stripped_oak_log":1,"minecraft:kelp":2,"quark:red_blossom_sapling":1,"minecraft:jukebox":1,"minecraft:experience_bottle":2},"minecraft:dropped":{"biomesoplenty:fir_log":4,"minecraft:bread":21,"minecraft:iron_sword":1,"minecraft:cooked_beef":1,"minecraft:baked_potato":1,"minecraft:glass_bottle":1,"minecraft:cobblestone":2,"minecraft:leather":9,"minecraft:dark_oak_button":1,"biomesoplenty:fir_sapling":6,"minecraft:item_frame":3,"minecraft:stick":1,"minecraft:red_bed":1,"gravestone:obituary":4,"minecraft:string":21,"endrem:undead_eye":1,"minecraft:spruce_sapling":3,"minecraft:bone":3,"minecraft:gravel":2,"minecraft:sweet_berries":3,"minecraft:stone_sword":1,"minecraft:rotten_flesh":2,"sophisticatedbackpacks:backpack":1,"minecraft:name_tag":1,"minecraft:honey_bottle":2,"biomesoplenty:fir_planks":16,"minecraft:arrow":2},"minecraft:killed_by":{"minecraft:creeper":2,"minecraft:spider":1,"alexsmobs:snow_leopard":1,"mutantmonsters:mutant_skeleton":1,"minecraft:skeleton":4,"minecraft:zombie":2,"alexsmobs:grizzly_bear":2},"minecraft:custom":{"minecraft:interact_with_anvil":2,"minecraft:mob_kills":18,"minecraft:interact_with_crafting_table":12,"minecraft:open_barrel":8,"minecraft:bell_ring":25,"minecraft:eat_cake_slice":4,"minecraft:leave_game":3,"minecraft:time_since_death":11779,"minecraft:climb_one_cm":9043,"minecraft:sprint_one_cm":1700351,"minecraft:walk_one_cm":1604565,"minecraft:drop":44,"minecraft:play_time":291424,"minecraft:deaths":16,"minecraft:sneak_time":15403,"minecraft:walk_under_water_one_cm":11029,"minecraft:jump":3633,"minecraft:walk_on_water_one_cm":30892,"minecraft:total_world_time":291424,"minecraft:interact_with_furnace":19,"minecraft:play_record":1,"minecraft:sleep_in_bed":10,"minecraft:time_since_rest":2719,"minecraft:waystone_activated":2,"minecraft:damage_taken":7324,"minecraft:damage_absorbed":33,"minecraft:damage_dealt":2792,"minecraft:swim_one_cm":27523,"minecraft:fly_one_cm":1779612,"minecraft:player_kills":1,"minecraft:open_chest":81,"minecraft:crouch_one_cm":85967,"minecraft:fall_one_cm":49045},"minecraft:picked_up":{"minecraft:mud":13,"minecraft:crafting_table":3,"minecraft:wheat":3,"quark:hollow_spruce_log":1,"minecraft:lead":1,"minecraft:string":21,"minecraft:red_bed":2,"minecraft:raw_copper":33,"minecraft:item_frame":27,"minecraft:experience_bottle":2,"minecraft:spruce_planks":1,"minecraft:beef":10,"endrem:undead_eye":1,"minecraft:cobblestone_slab":1,"minecraft:spruce_trapdoor":1,"minecraft:chest":1,"minecraft:egg":1,"minecraft:mangrove_log":10,"minecraft:furnace":2,"minecraft:stick":30,"minecraft:green_bed":22,"minecraft:pink_carpet":2,"sophisticatedbackpacks:backpack":2,"minecraft:stone_button":1,"minecraft:carrot":19,"minecraft:stone_pressure_plate":1,"minecraft:stone_sword":1,"minecraft:arrow":16,"minecraft:rotten_flesh":6,"minecraft:beetroot_seeds":7,"minecraft:music_disc_ward":1,"minecraft:hay_block":23,"minecraft:gold_ingot":4,"minecraft:snowball":7,"minecraft:cobblestone":2,"minecraft:dark_oak_button":4,"minecraft:cooked_beef":3,"minecraft:leather":11,"minecraft:red_mushroom":1,"minecraft:potato":74,"biomesoplenty:fir_sapling":6,"biomesoplenty:fir_log":65,"minecraft:oak_log":3,"create:raw_zinc":13,"minecraft:paper":1,"minecraft:dirt":8,"minecraft:cooked_mutton":7,"minecraft:bone":11,"minecraft:bow":1,"minecraft:wheat_seeds":11,"minecraft:glass_bottle":3,"minecraft:flowering_azalea":2,"minecraft:scaffolding":1,"minecraft:dark_oak_slab":2,"quark:white_shard":7,"minecraft:sweet_berries":4,"minecraft:gravel":2,"minecraft:stripped_spruce_log":4,"minecraft:spruce_sapling":16,"quark:red_blossom_sapling":1,"minecraft:spruce_log":23,"minecraft:mossy_cobblestone":8,"minecraft:writable_book":1,"minecraft:warped_roots":1,"minecraft:bread":5,"minecraft:emerald":6,"minecraft:light_gray_carpet":1},"minecraft:mined":{"create:zinc_ore":13,"minecraft:mossy_cobblestone":5,"gravestone:gravestone":8,"minecraft:grass_block":4,"minecraft:white_stained_glass":2,"minecraft:large_fern":1,"minecraft:hay_block":23,"minecraft:furnace":2,"minecraft:carrots":5,"treechop:chopped_log":5,"minecraft:potatoes":20,"minecraft:cobblestone_slab":1,"minecraft:dirt_path":2,"minecraft:iron_bars":2,"minecraft:packed_ice":25,"minecraft:stone":8,"minecraft:green_bed":21,"minecraft:scaffolding":1,"minecraft:powder_snow":30,"minecraft:crafting_table":3,"minecraft:chest":1,"minecraft:copper_ore":9,"minecraft:cobblestone":1,"minecraft:mud":1,"biomesoplenty:fir_fence":1,"amendments:directional_cake":1,"minecraft:wheat":3,"minecraft:spruce_log":1,"biomesoplenty:fir_log":4,"minecraft:grass":7,"minecraft:oak_log":1,"minecraft:gravel":2,"minecraft:dirt":4,"minecraft:cobweb":7,"minecraft:mangrove_log":5,"minecraft:stone_bricks":2},"minecraft:killed":{"minecraft:witch":1,"minecraft:spider":1,"minecraft:vindicator":1,"minecraft:skeleton":3,"alexsmobs:grizzly_bear":1,"minecraft:creeper":1,"minecraft:pillager":1,"minecraft:zombie":2,"minecraft:stray":1,"minecraft:cow":6},"minecraft:crafted":{"minecraft:leather_boots":1,"minecraft:cooked_mutton":5,"minecraft:stone_pickaxe":1,"minecraft:wheat":9,"minecraft:crafting_table":1,"minecraft:baked_potato":37,"biomesoplenty:fir_planks":80,"minecraft:iron_chestplate":1,"minecraft:golden_apple":1,"minecraft:shield":1,"minecraft:stick":4,"minecraft:stone_sword":1,"minecraft:torch":4}},"DataVersion":3465}