{"stats":{"minecraft:used":{"minecraft:stone_sword":5,"minecraft:chest":1,"minecraft:shield":4,"minecraft:iron_sword":193,"minecraft:tube_coral":3,"minecraft:torch":1,"minecraft:dirt":88,"supplementaries:faucet":4,"minecraft:dead_tube_coral":2,"minecraft:beehive":2,"minecraft:honey_bottle":12,"minecraft:small_dripleaf":2,"supplementaries:jar":9,"minecraft:honey_block":1,"minecraft:flowering_azalea":2,"minecraft:bricks":3,"minecraft:lantern":7,"minecraft:music_disc_ward":1,"supplementaries:speaker_block":1,"minecraft:item_frame":1,"minecraft:bow":20,"minecraft:horn_coral":3,"minecraft:hay_block":10,"minecraft:sweet_berries":136,"immersive_weathering:dune_grass":3,"minecraft:furnace":2,"minecraft:potato":1,"minecraft:turtle_egg":2,"minecraft:seagrass":4,"minecraft:cooked_mutton":12,"minecraft:lead":23,"minecraft:baked_potato":35,"biomesoplenty:fir_planks":8,"minecraft:green_bed":20,"minecraft:leather_boots":1,"minecraft:warped_roots":1,"minecraft:golden_apple":1,"minecraft:mossy_cobblestone":3,"minecraft:crafting_table":3,"minecraft:red_bed":1,"minecraft:white_bed":3,"minecraft:fire_coral":3,"minecraft:spruce_log":3,"minecraft:bread":71,"minecraft:iron_pickaxe":87,"minecraft:stone_axe":90,"minecraft:cobblestone":1,"minecraft:potion":13,"minecraft:sea_pickle":2,"minecraft:stripped_oak_log":1,"minecraft:kelp":2,"quark:red_blossom_sapling":1,"minecraft:jukebox":1,"minecraft:experience_bottle":2},"minecraft:dropped":{"biomesoplenty:fir_log":5,"minecraft:iron_ingot":8,"minecraft:bread":32,"minecraft:iron_sword":1,"minecraft:candle":2,"minecraft:cooked_beef":1,"minecraft:oak_log":4,"minecraft:baked_potato":1,"minecraft:glass_bottle":1,"minecraft:crafting_table":1,"minecraft:orange_tulip":1,"minecraft:cobblestone":5,"minecraft:leather":20,"minecraft:dark_oak_button":1,"quark:spruce_chest":1,"minecraft:cobblestone_stairs":2,"biomesoplenty:fir_sapling":6,"minecraft:item_frame":3,"minecraft:stick":11,"minecraft:dirt":43,"minecraft:red_bed":1,"minecraft:torch":5,"gravestone:obituary":14,"minecraft:oak_stairs":2,"immersive_weathering:permafrost":2,"minecraft:string":27,"endrem:undead_eye":1,"minecraft:spruce_sapling":7,"minecraft:bone":27,"minecraft:gravel":2,"minecraft:blackstone":1,"minecraft:sweet_berries":3,"minecraft:stone_sword":1,"minecraft:rotten_flesh":8,"sophisticatedbackpacks:backpack":3,"minecraft:name_tag":1,"minecraft:honey_bottle":2,"minecraft:deepslate_bricks":1,"biomesoplenty:fir_planks":16,"minecraft:gunpowder":2,"minecraft:spruce_trapdoor":1,"minecraft:spruce_planks":45,"minecraft:stone_brick_wall":2,"create:limestone":1,"minecraft:wooden_shovel":1,"minecraft:stone_bricks":2,"minecraft:barrel":1,"minecraft:spruce_slab":1,"minecraft:arrow":2,"minecraft:wooden_pickaxe":1,"simplyswords:gold_spear":1,"minecraft:spruce_sign":1},"minecraft:killed_by":{"minecraft:player":2,"minecraft:creeper":5,"minecraft:spider":1,"alexsmobs:snow_leopard":1,"mutantmonsters:mutant_skeleton":2,"minecraft:skeleton":11,"minecraft:zombie":6,"alexsmobs:grizzly_bear":2},"minecraft:custom":{"minecraft:interact_with_anvil":3,"minecraft:mob_kills":55,"minecraft:interact_with_crafting_table":21,"minecraft:open_barrel":20,"minecraft:bell_ring":25,"minecraft:eat_cake_slice":4,"minecraft:leave_game":3,"minecraft:time_since_death":44522,"minecraft:climb_one_cm":18036,"minecraft:sprint_one_cm":2113166,"minecraft:walk_one_cm":1981381,"minecraft:damage_blocked_by_shield":195,"minecraft:drop":113,"minecraft:damage_dealt_absorbed":104,"minecraft:talked_to_villager":2,"minecraft:play_time":363424,"minecraft:deaths":33,"minecraft:sneak_time":16632,"minecraft:walk_under_water_one_cm":22840,"minecraft:jump":4673,"minecraft:walk_on_water_one_cm":63772,"minecraft:total_world_time":363424,"minecraft:interact_with_furnace":19,"minecraft:play_record":1,"minecraft:interact_with_cartography_table":1,"minecraft:sleep_in_bed":14,"minecraft:time_since_rest":6067,"minecraft:waystone_activated":3,"minecraft:damage_taken":14645,"minecraft:damage_absorbed":33,"minecraft:damage_dealt":9529,"minecraft:swim_one_cm":119981,"minecraft:fly_one_cm":2078011,"minecraft:player_kills":1,"minecraft:open_chest":100,"minecraft:crouch_one_cm":93120,"minecraft:fall_one_cm":73415},"minecraft:picked_up":{"minecraft:charcoal":1,"minecraft:fishing_rod":1,"minecraft:mud":13,"minecraft:crafting_table":3,"minecraft:wheat":3,"simplyswords:iron_sai":1,"quark:hollow_spruce_log":1,"minecraft:lead":1,"minecraft:oak_stairs":2,"minecraft:stone_brick_wall":2,"minecraft:stone_brick_stairs":1,"gravestone:obituary":3,"minecraft:stone_stairs":1,"minecraft:string":23,"minecraft:red_bed":2,"minecraft:raw_copper":33,"create:limestone":1,"minecraft:item_frame":27,"minecraft:experience_bottle":2,"minecraft:blackstone":1,"minecraft:cobbled_deepslate":3,"minecraft:spruce_planks":5,"minecraft:beef":10,"minecraft:andesite_stairs":1,"endrem:undead_eye":1,"minecraft:cobblestone_slab":1,"minecraft:spruce_slab":4,"minecraft:spruce_trapdoor":4,"minecraft:chest":1,"minecraft:egg":1,"minecraft:mangrove_log":10,"minecraft:furnace":2,"minecraft:stick":34,"sophisticatedbackpacks:crafting_upgrade":1,"minecraft:torch":5,"minecraft:green_bed":22,"minecraft:spruce_fence":2,"minecraft:spruce_stairs":3,"minecraft:pink_carpet":2,"sophisticatedbackpacks:backpack":2,"epicfight:skillbook":1,"minecraft:stone_button":2,"minecraft:carrot":19,"minecraft:redstone":2,"immersive_weathering:permafrost":2,"minecraft:stone_pressure_plate":1,"minecraft:stone_sword":1,"minecraft:arrow":44,"minecraft:rotten_flesh":15,"minecraft:beetroot_seeds":7,"minecraft:music_disc_ward":1,"minecraft:deepslate_bricks":1,"minecraft:hay_block":23,"minecraft:gold_ingot":4,"minecraft:deepslate_brick_stairs":1,"minecraft:white_wool":3,"minecraft:snowball":7,"minecraft:cobblestone":8,"minecraft:dark_oak_button":4,"minecraft:cooked_beef":3,"minecraft:andesite":1,"minecraft:leather":11,"minecraft:red_mushroom":1,"minecraft:potato":74,"biomesoplenty:fir_sapling":6,"biomesoplenty:fir_log":66,"minecraft:oak_log":11,"create:raw_zinc":13,"minecraft:chainmail_chestplate":1,"minecraft:cobblestone_stairs":2,"minecraft:gunpowder":2,"minecraft:paper":1,"minecraft:dirt":118,"minecraft:cooked_mutton":7,"minecraft:bone":63,"minecraft:stone_bricks":2,"minecraft:gray_carpet":1,"minecraft:orange_tulip":1,"minecraft:bow":2,"minecraft:deepslate_brick_slab":1,"minecraft:wheat_seeds":14,"minecraft:glass_bottle":3,"minecraft:flowering_azalea":2,"minecraft:scaffolding":1,"minecraft:dark_oak_slab":2,"quark:white_shard":7,"minecraft:sweet_berries":4,"minecraft:gravel":2,"minecraft:stripped_spruce_log":4,"minecraft:spruce_sapling":20,"sophisticatedbackpacks:iron_backpack":1,"minecraft:white_bed":3,"quark:red_blossom_sapling":1,"minecraft:spruce_log":41,"minecraft:barrel":1,"minecraft:mossy_cobblestone":8,"minecraft:soul_lantern":1,"minecraft:polished_blackstone_button":1,"minecraft:writable_book":1,"minecraft:spruce_sign":2,"minecraft:warped_roots":1,"minecraft:bread":6,"minecraft:emerald":7,"minecraft:light_gray_carpet":1,"minecraft:coal":1},"minecraft:mined":{"create:zinc_ore":13,"minecraft:white_bed":3,"minecraft:spruce_planks":3,"minecraft:mossy_cobblestone":5,"minecraft:andesite_stairs":1,"minecraft:cobblestone_stairs":1,"gravestone:gravestone":23,"minecraft:stone_brick_wall":1,"minecraft:grass_block":4,"minecraft:white_stained_glass":2,"minecraft:spawner":4,"minecraft:large_fern":1,"minecraft:hay_block":23,"minecraft:furnace":2,"minecraft:carrots":5,"minecraft:andesite":1,"treechop:chopped_log":7,"minecraft:potatoes":20,"minecraft:cobblestone_slab":1,"minecraft:dirt_path":2,"minecraft:iron_bars":2,"minecraft:packed_ice":30,"minecraft:stone":15,"minecraft:spruce_slab":1,"minecraft:green_bed":21,"minecraft:scaffolding":1,"minecraft:powder_snow":30,"minecraft:crafting_table":3,"minecraft:chest":1,"minecraft:spruce_wall_sign":1,"minecraft:copper_ore":9,"minecraft:cobblestone":1,"minecraft:spruce_stairs":2,"minecraft:stone_stairs":1,"minecraft:mud":1,"biomesoplenty:fir_fence":1,"amendments:directional_cake":1,"minecraft:wheat":3,"minecraft:spruce_log":2,"biomesoplenty:fir_log":4,"minecraft:grass":8,"minecraft:oak_log":1,"minecraft:gravel":2,"minecraft:dirt":9,"minecraft:cobweb":7,"minecraft:mangrove_log":5,"minecraft:stone_bricks":2},"minecraft:killed":{"minecraft:witch":1,"minecraft:spider":3,"minecraft:vindicator":1,"minecraft:skeleton":26,"alexsmobs:grizzly_bear":1,"minecraft:zombie_villager":3,"minecraft:creeper":1,"minecraft:pillager":1,"minecraft:zombie":7,"minecraft:stray":1,"minecraft:cow":6},"minecraft:crafted":{"minecraft:leather_boots":1,"minecraft:cooked_mutton":5,"minecraft:stone_pickaxe":1,"quark:spruce_chest":1,"minecraft:wheat":9,"minecraft:crafting_table":2,"minecraft:spruce_planks":60,"minecraft:baked_potato":37,"biomesoplenty:fir_planks":80,"minecraft:iron_chestplate":1,"minecraft:golden_apple":1,"minecraft:shield":1,"minecraft:stick":4,"minecraft:stone_sword":1,"minecraft:white_bed":1,"minecraft:torch":4}},"DataVersion":3465}