{"stats":{"minecraft:used":{"minecraft:stone_sword":5,"minecraft:chest":1,"minecraft:iron_sword":23,"minecraft:tube_coral":3,"minecraft:torch":1,"minecraft:dirt":85,"supplementaries:faucet":4,"minecraft:dead_tube_coral":2,"minecraft:beehive":2,"minecraft:honey_bottle":12,"minecraft:small_dripleaf":2,"supplementaries:jar":9,"minecraft:honey_block":1,"minecraft:flowering_azalea":2,"minecraft:bricks":3,"minecraft:lantern":7,"minecraft:music_disc_ward":1,"supplementaries:speaker_block":1,"minecraft:item_frame":1,"minecraft:bow":7,"minecraft:horn_coral":3,"minecraft:hay_block":10,"minecraft:sweet_berries":136,"immersive_weathering:dune_grass":3,"minecraft:furnace":2,"minecraft:potato":1,"minecraft:turtle_egg":2,"minecraft:seagrass":4,"minecraft:cooked_mutton":7,"minecraft:lead":23,"minecraft:baked_potato":18,"biomesoplenty:fir_planks":8,"minecraft:green_bed":11,"minecraft:leather_boots":1,"minecraft:warped_roots":1,"minecraft:golden_apple":1,"minecraft:crafting_table":3,"minecraft:fire_coral":3,"minecraft:bread":13,"minecraft:iron_pickaxe":36,"minecraft:stone_axe":24,"minecraft:potion":13,"minecraft:sea_pickle":2,"minecraft:stripped_oak_log":1,"minecraft:kelp":2,"quark:red_blossom_sapling":1,"minecraft:jukebox":1,"minecraft:experience_bottle":2},"minecraft:dropped":{"minecraft:cooked_beef":1,"minecraft:glass_bottle":1,"minecraft:cobblestone":2,"biomesoplenty:fir_sapling":6,"minecraft:item_frame":3,"minecraft:stick":1,"gravestone:obituary":3,"endrem:undead_eye":1,"minecraft:spruce_sapling":3,"minecraft:bone":2,"minecraft:gravel":2,"minecraft:sweet_berries":3,"minecraft:stone_sword":1,"minecraft:name_tag":1,"minecraft:honey_bottle":2,"biomesoplenty:fir_planks":16},"minecraft:killed_by":{"minecraft:creeper":2,"minecraft:spider":1,"alexsmobs:snow_leopard":1,"mutantmonsters:mutant_skeleton":1,"minecraft:skeleton":2,"minecraft:zombie":1},"minecraft:custom":{"minecraft:interact_with_anvil":1,"minecraft:mob_kills":7,"minecraft:interact_with_crafting_table":10,"minecraft:open_barrel":2,"minecraft:bell_ring":25,"minecraft:eat_cake_slice":4,"minecraft:leave_game":3,"minecraft:time_since_death":14400,"minecraft:climb_one_cm":5629,"minecraft:sprint_one_cm":1253262,"minecraft:walk_one_cm":1348688,"minecraft:drop":26,"minecraft:play_time":237424,"minecraft:deaths":11,"minecraft:sneak_time":13369,"minecraft:walk_under_water_one_cm":9457,"minecraft:jump":2905,"minecraft:walk_on_water_one_cm":27295,"minecraft:total_world_time":237424,"minecraft:interact_with_furnace":19,"minecraft:play_record":1,"minecraft:sleep_in_bed":6,"minecraft:time_since_rest":7010,"minecraft:waystone_activated":1,"minecraft:damage_taken":4784,"minecraft:damage_absorbed":33,"minecraft:damage_dealt":1404,"minecraft:swim_one_cm":13262,"minecraft:fly_one_cm":1465212,"minecraft:player_kills":1,"minecraft:open_chest":69,"minecraft:crouch_one_cm":75459,"minecraft:fall_one_cm":36326},"minecraft:picked_up":{"minecraft:mud":12,"minecraft:crafting_table":3,"minecraft:wheat":3,"quark:hollow_spruce_log":1,"minecraft:lead":1,"minecraft:raw_copper":33,"minecraft:item_frame":27,"minecraft:experience_bottle":2,"minecraft:beef":5,"endrem:undead_eye":1,"minecraft:chest":1,"minecraft:mangrove_log":10,"minecraft:furnace":2,"minecraft:stick":23,"minecraft:green_bed":13,"minecraft:pink_carpet":2,"minecraft:carrot":19,"minecraft:stone_pressure_plate":1,"minecraft:stone_sword":1,"minecraft:arrow":12,"minecraft:rotten_flesh":2,"minecraft:beetroot_seeds":7,"minecraft:music_disc_ward":1,"minecraft:hay_block":23,"minecraft:gold_ingot":4,"minecraft:snowball":7,"minecraft:cobblestone":2,"minecraft:dark_oak_button":3,"minecraft:cooked_beef":3,"minecraft:leather":2,"minecraft:potato":74,"biomesoplenty:fir_sapling":6,"biomesoplenty:fir_log":20,"create:raw_zinc":13,"minecraft:paper":1,"minecraft:dirt":8,"minecraft:cooked_mutton":7,"minecraft:bone":10,"minecraft:bow":1,"minecraft:wheat_seeds":11,"minecraft:glass_bottle":3,"minecraft:flowering_azalea":2,"minecraft:scaffolding":1,"minecraft:dark_oak_slab":1,"minecraft:sweet_berries":4,"minecraft:gravel":2,"minecraft:stripped_spruce_log":4,"minecraft:spruce_sapling":16,"quark:red_blossom_sapling":1,"minecraft:spruce_log":23,"minecraft:writable_book":1,"minecraft:warped_roots":1,"minecraft:bread":5,"minecraft:emerald":6,"minecraft:light_gray_carpet":1},"minecraft:mined":{"create:zinc_ore":13,"gravestone:gravestone":5,"minecraft:grass_block":4,"minecraft:large_fern":1,"minecraft:hay_block":23,"minecraft:furnace":2,"minecraft:carrots":5,"treechop:chopped_log":2,"minecraft:potatoes":20,"minecraft:dirt_path":2,"minecraft:stone":7,"minecraft:green_bed":12,"minecraft:scaffolding":1,"minecraft:powder_snow":30,"minecraft:crafting_table":3,"minecraft:chest":1,"minecraft:copper_ore":9,"biomesoplenty:fir_fence":1,"amendments:directional_cake":1,"minecraft:wheat":3,"minecraft:spruce_log":1,"minecraft:grass":5,"minecraft:gravel":2,"minecraft:dirt":4,"minecraft:mangrove_log":5,"minecraft:stone_bricks":2},"minecraft:killed":{"minecraft:skeleton":3,"minecraft:creeper":1,"minecraft:stray":1,"minecraft:cow":2},"minecraft:crafted":{"minecraft:leather_boots":1,"minecraft:cooked_mutton":5,"minecraft:stone_pickaxe":1,"minecraft:wheat":9,"minecraft:baked_potato":37,"biomesoplenty:fir_planks":80,"minecraft:iron_chestplate":1,"minecraft:golden_apple":1,"minecraft:shield":1,"minecraft:stick":4,"minecraft:stone_sword":1,"minecraft:torch":4}},"DataVersion":3465}