{"stats":{"minecraft:mined":{"minecraft:spruce_log":1},"minecraft:custom":{"minecraft:time_since_rest":58757,"minecraft:sprint_one_cm":430335,"minecraft:damage_taken":180,"minecraft:walk_one_cm":523548,"minecraft:interact_with_anvil":1,"minecraft:drop":10,"minecraft:fly_one_cm":714912,"minecraft:crouch_one_cm":36548,"minecraft:play_time":93428,"minecraft:deaths":1,"minecraft:bell_ring":25,"minecraft:sneak_time":5530,"minecraft:walk_under_water_one_cm":55,"minecraft:jump":1134,"minecraft:leave_game":1,"minecraft:time_since_death":58723,"minecraft:walk_on_water_one_cm":15799,"minecraft:climb_one_cm":960,"minecraft:total_world_time":93428,"minecraft:fall_one_cm":3549},"minecraft:picked_up":{"minecraft:stick":10,"minecraft:cooked_beef":2,"minecraft:spruce_sapling":16,"minecraft:spruce_log":20,"quark:red_blossom_sapling":1,"endrem:undead_eye":1,"minecraft:warped_roots":1,"minecraft:flowering_azalea":2},"minecraft:used":{"minecraft:small_dripleaf":2,"minecraft:flowering_azalea":2,"minecraft:lantern":7,"minecraft:tube_coral":3,"minecraft:warped_roots":1,"minecraft:dirt":79,"minecraft:horn_coral":3,"minecraft:sweet_berries":136,"immersive_weathering:dune_grass":3,"minecraft:dead_tube_coral":2,"minecraft:sea_pickle":2,"minecraft:fire_coral":3,"minecraft:kelp":2,"minecraft:seagrass":4,"minecraft:turtle_egg":2,"quark:red_blossom_sapling":1},"minecraft:dropped":{"minecraft:sweet_berries":3,"minecraft:name_tag":1,"minecraft:honey_bottle":1,"endrem:undead_eye":1,"minecraft:spruce_sapling":3,"minecraft:stick":1}},"DataVersion":3465}