{"stats":{"minecraft:custom":{"minecraft:jump":472,"minecraft:time_since_rest":10757,"minecraft:deaths":1,"minecraft:crouch_one_cm":19467,"minecraft:leave_game":1,"minecraft:play_time":45428,"minecraft:sprint_one_cm":152034,"minecraft:damage_taken":90,"minecraft:time_since_death":10723,"minecraft:walk_one_cm":269482,"minecraft:sneak_time":3181,"minecraft:climb_one_cm":332,"minecraft:total_world_time":45428,"minecraft:drop":6,"minecraft:fall_one_cm":2320,"minecraft:fly_one_cm":368293},"minecraft:picked_up":{"minecraft:spruce_log":12,"minecraft:spruce_sapling":4,"minecraft:stick":5},"minecraft:used":{"minecraft:dirt":57,"minecraft:sweet_berries":129},"minecraft:dropped":{"minecraft:sweet_berries":2,"minecraft:spruce_sapling":3,"minecraft:stick":1}},"DataVersion":3465}