{"stats":{"minecraft:used":{"minecraft:lead":23,"minecraft:green_bed":3,"minecraft:tube_coral":3,"minecraft:warped_roots":1,"minecraft:dirt":79,"supplementaries:faucet":4,"minecraft:dead_tube_coral":2,"minecraft:fire_coral":3,"minecraft:beehive":2,"minecraft:honey_bottle":12,"minecraft:small_dripleaf":2,"supplementaries:jar":9,"minecraft:honey_block":1,"minecraft:flowering_azalea":2,"minecraft:bricks":3,"minecraft:lantern":7,"minecraft:music_disc_ward":1,"supplementaries:speaker_block":1,"minecraft:potion":13,"minecraft:horn_coral":3,"minecraft:sweet_berries":136,"immersive_weathering:dune_grass":3,"minecraft:sea_pickle":2,"minecraft:stripped_oak_log":1,"minecraft:kelp":2,"quark:red_blossom_sapling":1,"minecraft:turtle_egg":2,"minecraft:seagrass":4,"minecraft:jukebox":1},"minecraft:picked_up":{"minecraft:mud":12,"minecraft:cooked_beef":3,"minecraft:dark_oak_button":3,"minecraft:lead":1,"minecraft:bone":4,"minecraft:wheat_seeds":2,"endrem:undead_eye":1,"minecraft:glass_bottle":3,"minecraft:flowering_azalea":2,"minecraft:mangrove_log":5,"minecraft:scaffolding":1,"minecraft:stick":10,"minecraft:dark_oak_slab":1,"minecraft:sweet_berries":4,"minecraft:green_bed":4,"minecraft:pink_carpet":2,"minecraft:stripped_spruce_log":4,"minecraft:spruce_sapling":16,"quark:red_blossom_sapling":1,"minecraft:spruce_log":20,"minecraft:arrow":7,"minecraft:music_disc_ward":1,"minecraft:warped_roots":1,"minecraft:light_gray_carpet":1,"minecraft:snowball":7},"minecraft:killed_by":{"minecraft:skeleton":1,"minecraft:spider":1,"minecraft:zombie":1},"minecraft:custom":{"minecraft:interact_with_anvil":1,"minecraft:play_record":1,"minecraft:open_barrel":1,"minecraft:bell_ring":25,"minecraft:leave_game":2,"minecraft:time_since_death":3353,"minecraft:climb_one_cm":3257,"minecraft:time_since_rest":3401,"minecraft:waystone_activated":1,"minecraft:sprint_one_cm":610003,"minecraft:damage_taken":895,"minecraft:walk_one_cm":846380,"minecraft:drop":13,"minecraft:damage_dealt":164,"minecraft:swim_one_cm":1617,"minecraft:fly_one_cm":1011114,"minecraft:player_kills":1,"minecraft:open_chest":3,"minecraft:crouch_one_cm":45594,"minecraft:play_time":139709,"minecraft:deaths":4,"minecraft:sneak_time":7727,"minecraft:walk_under_water_one_cm":2546,"minecraft:jump":1736,"minecraft:walk_on_water_one_cm":22634,"minecraft:total_world_time":139709,"minecraft:fall_one_cm":11711},"minecraft:dropped":{"minecraft:sweet_berries":3,"minecraft:cooked_beef":1,"minecraft:glass_bottle":1,"minecraft:name_tag":1,"minecraft:honey_bottle":2,"minecraft:stick":1,"endrem:undead_eye":1,"minecraft:spruce_sapling":3},"minecraft:mined":{"minecraft:scaffolding":1,"gravestone:gravestone":1,"minecraft:spruce_log":1,"minecraft:grass":1,"minecraft:mangrove_log":5,"minecraft:green_bed":3}},"DataVersion":3465}