{"stats":{"minecraft:custom":{"minecraft:jump":347,"minecraft:time_since_rest":33428,"minecraft:crouch_one_cm":17317,"minecraft:leave_game":1,"minecraft:play_time":33428,"minecraft:sprint_one_cm":115961,"minecraft:damage_taken":90,"minecraft:time_since_death":33428,"minecraft:walk_one_cm":159632,"minecraft:sneak_time":2947,"minecraft:climb_one_cm":332,"minecraft:total_world_time":33428,"minecraft:drop":4,"minecraft:fall_one_cm":2320,"minecraft:fly_one_cm":332365},"minecraft:picked_up":{"minecraft:spruce_sapling":2,"minecraft:stick":1},"minecraft:used":{"minecraft:dirt":8,"minecraft:sweet_berries":52},"minecraft:dropped":{"minecraft:sweet_berries":1,"minecraft:spruce_sapling":2,"minecraft:stick":1}},"DataVersion":3465}