{"stats":{"minecraft:mined":{"minecraft:spruce_log":1},"minecraft:custom":{"minecraft:time_since_rest":34757,"minecraft:crouch_one_cm":31958,"minecraft:sprint_one_cm":358917,"minecraft:play_time":69428,"minecraft:walk_one_cm":389940,"minecraft:damage_taken":180,"minecraft:deaths":1,"minecraft:sneak_time":5016,"minecraft:interact_with_anvil":1,"minecraft:drop":8,"minecraft:jump":974,"minecraft:leave_game":1,"minecraft:time_since_death":34723,"minecraft:total_world_time":69428,"minecraft:climb_one_cm":332,"minecraft:fall_one_cm":3549,"minecraft:fly_one_cm":651933},"minecraft:picked_up":{"minecraft:stick":10,"minecraft:cooked_beef":1,"endrem:undead_eye":1,"minecraft:spruce_sapling":16,"minecraft:spruce_log":20},"minecraft:used":{"minecraft:dirt":79,"minecraft:sweet_berries":136},"minecraft:dropped":{"minecraft:sweet_berries":3,"endrem:undead_eye":1,"minecraft:spruce_sapling":3,"minecraft:stick":1}},"DataVersion":3465}