{"stats":{"minecraft:broken":{"minecraft:iron_boots":1,"minecraft:iron_chestplate":1,"minecraft:stone_axe":1,"minecraft:iron_helmet":1},"minecraft:killed":{"minecraft:witch":1,"minecraft:spider":3,"minecraft:skeleton":26,"alexsmobs:grizzly_bear":1,"minecraft:zombie_villager":4,"minecraft:creeper":3,"minecraft:pillager":1,"minecraft:zombie":27,"minecraft:stray":1,"minecraft:cow":6,"minecraft:vindicator":1},"minecraft:picked_up":{"minecraft:wheat":3,"quark:hollow_spruce_log":1,"minecraft:smithing_table":1,"minecraft:lead":1,"minecraft:oak_stairs":2,"minecraft:stone_brick_stairs":1,"minecraft:polished_deepslate":2,"minecraft:string":23,"minecraft:raw_copper":33,"create:limestone":1,"minecraft:experience_bottle":4,"regions_unexplored:pine_log":71,"minecraft:cobbled_deepslate":3,"minecraft:spruce_planks":7,"endrem:undead_eye":1,"minecraft:cobblestone_slab":1,"minecraft:furnace":2,"minecraft:mangrove_log":10,"minecraft:tipped_arrow":3,"minecraft:stick":63,"minecraft:torch":6,"minecraft:green_bed":22,"minecraft:spruce_stairs":3,"minecraft:pink_carpet":2,"epicfight:skillbook":1,"minecraft:stone_sword":1,"minecraft:rotten_flesh":28,"minecraft:music_disc_ward":1,"supplementaries:ash":2,"minecraft:deepslate_brick_stairs":1,"minecraft:snowball":107,"minecraft:cobblestone":8,"minecraft:cooked_beef":3,"minecraft:andesite":1,"minecraft:potato":74,"biomesoplenty:fir_sapling":6,"biomesoplenty:fir_log":66,"create:raw_zinc":13,"minecraft:lapis_lazuli":1,"minecraft:dirt":119,"minecraft:bone":63,"minecraft:bow":2,"minecraft:orange_tulip":1,"minecraft:wheat_seeds":14,"minecraft:deepslate_brick_slab":1,"regions_unexplored:pine_sapling":8,"regions_unexplored:pine_planks":8,"minecraft:stripped_spruce_log":4,"sophisticatedbackpacks:iron_backpack":1,"quark:red_blossom_sapling":1,"minecraft:barrel":1,"minecraft:mossy_cobblestone":8,"minecraft:miner_pottery_sherd":1,"minecraft:writable_book":1,"minecraft:soul_lantern":1,"waystones:waystone":1,"minecraft:polished_blackstone_button":1,"minecraft:spruce_sign":2,"minecraft:bread":6,"minecraft:emerald":8,"minecraft:light_gray_carpet":1,"minecraft:mud":13,"minecraft:fishing_rod":1,"minecraft:charcoal":1,"minecraft:crafting_table":3,"simplyswords:iron_sai":1,"minecraft:mourner_pottery_sherd":1,"minecraft:stone_brick_wall":2,"gravestone:obituary":5,"minecraft:red_bed":2,"minecraft:stone_stairs":1,"minecraft:item_frame":36,"minecraft:blackstone":1,"minecraft:beef":10,"minecraft:andesite_stairs":1,"minecraft:spruce_slab":6,"minecraft:chest":1,"minecraft:spruce_trapdoor":4,"minecraft:egg":1,"sophisticatedbackpacks:crafting_upgrade":1,"sophisticatedbackpacks:backpack":2,"minecraft:spruce_fence":4,"minecraft:skull_pottery_sherd":2,"minecraft:stone_button":2,"minecraft:carrot":19,"minecraft:redstone":2,"immersive_weathering:permafrost":2,"minecraft:stone_pressure_plate":1,"minecraft:dark_oak_planks":1,"minecraft:arrow":44,"minecraft:beetroot_seeds":7,"minecraft:deepslate_bricks":1,"minecraft:hay_block":25,"minecraft:gold_ingot":4,"minecraft:white_wool":5,"minecraft:dark_oak_button":4,"minecraft:leather":11,"minecraft:red_mushroom":1,"minecraft:oak_log":11,"minecraft:chainmail_chestplate":1,"minecraft:gunpowder":3,"minecraft:cobblestone_stairs":3,"minecraft:paper":1,"minecraft:blue_bed":4,"minecraft:cooked_mutton":7,"minecraft:gray_carpet":2,"minecraft:stone_bricks":4,"regions_unexplored:larch_sapling":1,"minecraft:glass_bottle":3,"minecraft:gray_bed":1,"minecraft:flowering_azalea":2,"minecraft:scaffolding":1,"minecraft:dark_oak_slab":2,"quark:white_shard":7,"minecraft:sweet_berries":4,"minecraft:gravel":2,"minecraft:prize_pottery_sherd":1,"minecraft:spruce_sapling":20,"minecraft:white_bed":4,"minecraft:spruce_log":76,"minecraft:polished_diorite":1,"minecraft:warped_roots":1,"minecraft:coal":1},"minecraft:custom":{"minecraft:interact_with_crafting_table":22,"minecraft:open_barrel":20,"minecraft:bell_ring":25,"minecraft:eat_cake_slice":4,"minecraft:leave_game":5,"minecraft:time_since_death":22718,"minecraft:sprint_one_cm":2588610,"minecraft:damage_blocked_by_shield":195,"minecraft:drop":142,"minecraft:talked_to_villager":3,"minecraft:play_time":450961,"minecraft:deaths":46,"minecraft:jump":6021,"minecraft:walk_on_water_one_cm":102373,"minecraft:interact_with_furnace":19,"minecraft:play_record":1,"minecraft:interact_with_cartography_table":1,"minecraft:sleep_in_bed":19,"minecraft:waystone_activated":5,"minecraft:damage_dealt":13163,"minecraft:player_kills":1,"minecraft:crouch_one_cm":106969,"minecraft:interact_with_smithing_table":1,"minecraft:mob_kills":81,"minecraft:interact_with_anvil":3,"minecraft:climb_one_cm":23108,"minecraft:walk_one_cm":2479869,"minecraft:damage_dealt_absorbed":104,"minecraft:sneak_time":18522,"minecraft:walk_under_water_one_cm":33816,"minecraft:interact_with_lectern":1,"minecraft:total_world_time":450961,"minecraft:time_since_rest":2616,"minecraft:damage_taken":19436,"minecraft:damage_absorbed":33,"minecraft:swim_one_cm":122828,"minecraft:fly_one_cm":2338607,"minecraft:open_chest":129,"minecraft:fall_one_cm":100822},"minecraft:dropped":{"biomesoplenty:fir_log":5,"minecraft:spruce_sign":1,"minecraft:iron_sword":1,"minecraft:candle":2,"minecraft:cooked_beef":1,"minecraft:oak_log":4,"minecraft:baked_potato":1,"minecraft:glass_bottle":1,"minecraft:crafting_table":1,"minecraft:orange_tulip":1,"minecraft:leather":20,"minecraft:dark_oak_button":1,"minecraft:item_frame":5,"biomesoplenty:fir_sapling":6,"minecraft:cobblestone_stairs":2,"minecraft:dirt":44,"minecraft:red_bed":1,"minecraft:snowball":48,"gravestone:obituary":21,"minecraft:dark_oak_planks":1,"minecraft:white_wool":1,"minecraft:bone":27,"minecraft:gravel":2,"minecraft:blackstone":1,"minecraft:rotten_flesh":16,"minecraft:honey_bottle":2,"minecraft:gunpowder":2,"minecraft:stone_brick_wall":2,"create:limestone":1,"minecraft:spruce_slab":3,"minecraft:arrow":2,"minecraft:iron_ingot":8,"minecraft:bread":32,"minecraft:cobblestone":5,"quark:spruce_chest":1,"minecraft:stick":11,"minecraft:torch":11,"minecraft:gray_bed":1,"minecraft:oak_stairs":2,"immersive_weathering:permafrost":2,"minecraft:string":27,"endrem:undead_eye":1,"minecraft:spruce_sapling":7,"minecraft:sweet_berries":3,"minecraft:stone_sword":1,"sophisticatedbackpacks:backpack":3,"minecraft:name_tag":1,"minecraft:spruce_fence":1,"minecraft:deepslate_bricks":1,"minecraft:hay_block":1,"biomesoplenty:fir_planks":16,"minecraft:spruce_trapdoor":1,"minecraft:spruce_planks":45,"minecraft:wooden_shovel":1,"minecraft:barrel":1,"minecraft:stone_bricks":2,"minecraft:spruce_log":10,"simplyswords:gold_spear":1,"minecraft:wooden_pickaxe":1},"minecraft:crafted":{"minecraft:cooked_mutton":5,"minecraft:crafting_table":2,"minecraft:spruce_planks":160,"minecraft:baked_potato":37,"biomesoplenty:fir_planks":80,"minecraft:iron_chestplate":1,"minecraft:shield":1,"minecraft:stick":4,"minecraft:iron_pickaxe":1,"minecraft:stone_sword":1,"minecraft:leather_boots":1,"minecraft:iron_axe":1,"minecraft:stone_pickaxe":1,"quark:spruce_chest":3,"minecraft:wheat":9,"regions_unexplored:pine_planks":284,"minecraft:golden_apple":1,"minecraft:iron_shovel":1,"regions_unexplored:pine_door":3,"minecraft:white_bed":1,"minecraft:torch":4},"minecraft:killed_by":{"minecraft:creeper":12,"alexsmobs:snow_leopard":1,"minecraft:zombie":7,"alexsmobs:grizzly_bear":2,"minecraft:player":2,"minecraft:spider":2,"mutantmonsters:mutant_skeleton":2,"minecraft:skeleton":14},"minecraft:mined":{"minecraft:spruce_planks":5,"minecraft:white_bed":4,"minecraft:andesite_stairs":1,"minecraft:cobblestone_stairs":2,"minecraft:grass_block":5,"minecraft:stone_brick_wall":1,"minecraft:spawner":4,"minecraft:dirt_path":4,"minecraft:iron_bars":2,"minecraft:spruce_slab":1,"minecraft:green_bed":21,"minecraft:powder_snow":30,"minecraft:chest":1,"minecraft:spruce_wall_sign":1,"minecraft:cobblestone":4,"regions_unexplored:pine_log":1,"minecraft:stone_stairs":1,"minecraft:mud":1,"amendments:directional_cake":1,"minecraft:wheat":3,"biomesoplenty:fir_log":4,"minecraft:grass":8,"minecraft:oak_log":1,"minecraft:dirt":9,"minecraft:mangrove_log":5,"create:zinc_ore":13,"minecraft:mossy_cobblestone":6,"gravestone:gravestone":32,"minecraft:spruce_fence":2,"minecraft:decorated_pot":1,"minecraft:white_stained_glass":2,"regions_unexplored:pine_planks":8,"minecraft:large_fern":1,"minecraft:hay_block":25,"minecraft:furnace":2,"minecraft:carrots":5,"minecraft:snow":6,"minecraft:andesite":1,"treechop:chopped_log":12,"regions_unexplored:frozen_grass":1,"regions_unexplored:larch_leaves":1,"minecraft:polished_deepslate":2,"minecraft:potatoes":20,"minecraft:cobblestone_slab":1,"minecraft:packed_ice":31,"minecraft:stone":15,"minecraft:smithing_table":1,"minecraft:scaffolding":1,"minecraft:snow_block":210,"minecraft:crafting_table":3,"minecraft:copper_ore":9,"minecraft:blue_bed":4,"minecraft:spruce_stairs":2,"biomesoplenty:fir_fence":1,"minecraft:spruce_log":2,"minecraft:gravel":2,"minecraft:gray_carpet":1,"minecraft:cobweb":7,"minecraft:stone_bricks":4},"minecraft:used":{"regions_unexplored:pine_planks":243,"minecraft:iron_shovel":216,"minecraft:spruce_slab":1,"minecraft:chest":1,"minecraft:shield":4,"minecraft:iron_sword":257,"minecraft:tube_coral":3,"minecraft:carrot":2,"minecraft:beehive":2,"minecraft:snowball":65,"minecraft:honey_bottle":12,"minecraft:honey_block":1,"minecraft:bricks":3,"minecraft:lantern":7,"minecraft:music_disc_ward":1,"minecraft:item_frame":1,"minecraft:bow":35,"minecraft:horn_coral":3,"minecraft:hay_block":11,"minecraft:sweet_berries":136,"minecraft:furnace":3,"minecraft:potato":1,"minecraft:seagrass":4,"biomesoplenty:fir_planks":8,"minecraft:blue_bed":4,"minecraft:golden_apple":1,"waystones:waystone":1,"minecraft:bread":100,"minecraft:smithing_table":1,"minecraft:experience_bottle":3,"minecraft:stone_sword":5,"minecraft:spruce_planks":56,"minecraft:torch":1,"minecraft:dirt":88,"supplementaries:faucet":4,"minecraft:dead_tube_coral":2,"minecraft:small_dripleaf":2,"supplementaries:jar":9,"minecraft:flowering_azalea":2,"quark:spruce_chest":2,"minecraft:iron_axe":54,"supplementaries:speaker_block":1,"immersive_weathering:dune_grass":3,"minecraft:turtle_egg":2,"minecraft:cooked_mutton":12,"minecraft:lead":23,"minecraft:baked_potato":35,"regions_unexplored:pine_door":2,"minecraft:green_bed":20,"minecraft:leather_boots":1,"minecraft:warped_roots":1,"minecraft:mossy_cobblestone":3,"minecraft:crafting_table":4,"minecraft:red_bed":1,"minecraft:white_bed":5,"minecraft:fire_coral":3,"minecraft:spruce_log":3,"minecraft:iron_pickaxe":99,"minecraft:stone_axe":114,"minecraft:cobblestone":1,"minecraft:potion":13,"minecraft:sea_pickle":2,"minecraft:stripped_oak_log":1,"minecraft:kelp":2,"quark:red_blossom_sapling":1,"minecraft:jukebox":1}},"DataVersion":3465}