{"stats":{"minecraft:custom":{"minecraft:time_since_rest":22757,"minecraft:crouch_one_cm":20938,"minecraft:sprint_one_cm":258062,"minecraft:play_time":57428,"minecraft:walk_one_cm":334895,"minecraft:damage_taken":130,"minecraft:deaths":1,"minecraft:sneak_time":3524,"minecraft:drop":8,"minecraft:jump":749,"minecraft:leave_game":1,"minecraft:time_since_death":22723,"minecraft:total_world_time":57428,"minecraft:climb_one_cm":332,"minecraft:fall_one_cm":2320,"minecraft:fly_one_cm":514753},"minecraft:picked_up":{"minecraft:stick":10,"endrem:undead_eye":1,"minecraft:spruce_sapling":16,"minecraft:spruce_log":19},"minecraft:used":{"minecraft:dirt":79,"minecraft:sweet_berries":136},"minecraft:dropped":{"minecraft:sweet_berries":3,"endrem:undead_eye":1,"minecraft:spruce_sapling":3,"minecraft:stick":1}},"DataVersion":3465}