{"stats":{"minecraft:used":{"minecraft:cooked_mutton":1,"minecraft:lead":23,"minecraft:baked_potato":6,"minecraft:chest":1,"minecraft:green_bed":8,"minecraft:tube_coral":3,"minecraft:warped_roots":1,"minecraft:dirt":84,"supplementaries:faucet":4,"minecraft:dead_tube_coral":2,"minecraft:fire_coral":3,"minecraft:beehive":2,"minecraft:honey_bottle":12,"minecraft:small_dripleaf":2,"supplementaries:jar":9,"minecraft:honey_block":1,"minecraft:flowering_azalea":2,"minecraft:bricks":3,"minecraft:lantern":7,"minecraft:bread":10,"minecraft:music_disc_ward":1,"supplementaries:speaker_block":1,"minecraft:item_frame":1,"minecraft:potion":13,"minecraft:horn_coral":3,"minecraft:sweet_berries":136,"immersive_weathering:dune_grass":3,"minecraft:sea_pickle":2,"minecraft:potato":1,"minecraft:stripped_oak_log":1,"minecraft:kelp":2,"minecraft:turtle_egg":2,"minecraft:seagrass":4,"quark:red_blossom_sapling":1,"minecraft:jukebox":1},"minecraft:dropped":{"minecraft:sweet_berries":3,"minecraft:cooked_beef":1,"minecraft:glass_bottle":1,"minecraft:name_tag":1,"minecraft:honey_bottle":2,"minecraft:item_frame":1,"minecraft:stick":1,"endrem:undead_eye":1,"minecraft:spruce_sapling":3},"minecraft:killed_by":{"mutantmonsters:mutant_skeleton":1,"minecraft:skeleton":1,"minecraft:creeper":2,"minecraft:spider":1,"minecraft:zombie":1},"minecraft:custom":{"minecraft:interact_with_furnace":11,"minecraft:interact_with_anvil":1,"minecraft:play_record":1,"minecraft:interact_with_crafting_table":1,"minecraft:open_barrel":1,"minecraft:bell_ring":25,"minecraft:eat_cake_slice":4,"minecraft:leave_game":3,"minecraft:time_since_death":30091,"minecraft:sleep_in_bed":2,"minecraft:climb_one_cm":3867,"minecraft:time_since_rest":1283,"minecraft:waystone_activated":1,"minecraft:sprint_one_cm":847501,"minecraft:damage_taken":3195,"minecraft:walk_one_cm":1038696,"minecraft:drop":14,"minecraft:damage_dealt":174,"minecraft:swim_one_cm":1617,"minecraft:fly_one_cm":1290801,"minecraft:player_kills":1,"minecraft:open_chest":30,"minecraft:crouch_one_cm":72363,"minecraft:play_time":177424,"minecraft:deaths":8,"minecraft:sneak_time":12580,"minecraft:walk_under_water_one_cm":2546,"minecraft:jump":2349,"minecraft:walk_on_water_one_cm":23729,"minecraft:total_world_time":177424,"minecraft:fall_one_cm":27089},"minecraft:picked_up":{"minecraft:mud":12,"minecraft:wheat":3,"minecraft:cooked_beef":3,"minecraft:dark_oak_button":3,"quark:hollow_spruce_log":1,"minecraft:lead":1,"minecraft:potato":74,"minecraft:dirt":6,"minecraft:paper":1,"minecraft:cooked_mutton":3,"minecraft:item_frame":12,"minecraft:bone":5,"minecraft:wheat_seeds":11,"endrem:undead_eye":1,"minecraft:glass_bottle":3,"minecraft:chest":1,"minecraft:flowering_azalea":2,"minecraft:mangrove_log":10,"minecraft:scaffolding":1,"minecraft:stick":18,"minecraft:dark_oak_slab":1,"minecraft:sweet_berries":4,"minecraft:green_bed":9,"minecraft:pink_carpet":2,"minecraft:stripped_spruce_log":4,"minecraft:spruce_sapling":16,"minecraft:spruce_log":23,"quark:red_blossom_sapling":1,"minecraft:carrot":19,"minecraft:arrow":9,"minecraft:rotten_flesh":2,"minecraft:beetroot_seeds":7,"minecraft:music_disc_ward":1,"minecraft:writable_book":1,"minecraft:emerald":3,"minecraft:bread":2,"minecraft:gold_ingot":2,"minecraft:warped_roots":1,"minecraft:light_gray_carpet":1,"minecraft:snowball":7},"minecraft:mined":{"minecraft:scaffolding":1,"minecraft:powder_snow":4,"gravestone:gravestone":2,"minecraft:grass_block":3,"minecraft:chest":1,"minecraft:large_fern":1,"minecraft:carrots":5,"amendments:directional_cake":1,"minecraft:wheat":3,"minecraft:spruce_log":1,"treechop:chopped_log":1,"minecraft:grass":5,"minecraft:potatoes":20,"minecraft:dirt":3,"minecraft:mangrove_log":5,"minecraft:green_bed":8},"minecraft:crafted":{"minecraft:baked_potato":15}},"DataVersion":3465}