{"stats":{"minecraft:picked_up":{"minecraft:stick":10,"minecraft:cooked_beef":3,"minecraft:sweet_berries":4,"minecraft:lead":1,"minecraft:green_bed":1,"minecraft:pink_carpet":2,"minecraft:spruce_sapling":16,"minecraft:spruce_log":20,"quark:red_blossom_sapling":1,"minecraft:arrow":7,"minecraft:bone":4,"minecraft:wheat_seeds":1,"minecraft:music_disc_ward":1,"endrem:undead_eye":1,"minecraft:warped_roots":1,"minecraft:glass_bottle":3,"minecraft:light_gray_carpet":1,"minecraft:flowering_azalea":2},"minecraft:used":{"minecraft:small_dripleaf":2,"supplementaries:jar":9,"minecraft:honey_block":1,"minecraft:flowering_azalea":2,"minecraft:bricks":3,"minecraft:lantern":7,"minecraft:lead":23,"minecraft:music_disc_ward":1,"supplementaries:speaker_block":1,"minecraft:tube_coral":3,"minecraft:warped_roots":1,"minecraft:dirt":79,"minecraft:potion":13,"minecraft:horn_coral":3,"minecraft:sweet_berries":136,"supplementaries:faucet":4,"immersive_weathering:dune_grass":3,"minecraft:turtle_egg":2,"minecraft:kelp":2,"minecraft:dead_tube_coral":2,"minecraft:stripped_oak_log":1,"minecraft:sea_pickle":2,"minecraft:fire_coral":3,"minecraft:beehive":2,"minecraft:seagrass":4,"quark:red_blossom_sapling":1,"minecraft:jukebox":1,"minecraft:honey_bottle":12},"minecraft:killed_by":{"minecraft:zombie":1},"minecraft:dropped":{"minecraft:sweet_berries":3,"minecraft:cooked_beef":1,"minecraft:glass_bottle":1,"minecraft:name_tag":1,"minecraft:honey_bottle":2,"endrem:undead_eye":1,"minecraft:spruce_sapling":3,"minecraft:stick":1},"minecraft:custom":{"minecraft:time_since_rest":638,"minecraft:waystone_activated":1,"minecraft:sprint_one_cm":517180,"minecraft:damage_taken":400,"minecraft:walk_one_cm":777345,"minecraft:interact_with_anvil":1,"minecraft:drop":13,"minecraft:damage_dealt":164,"minecraft:play_record":1,"minecraft:swim_one_cm":1617,"minecraft:fly_one_cm":889850,"minecraft:player_kills":1,"minecraft:open_chest":2,"minecraft:crouch_one_cm":44270,"minecraft:play_time":127709,"minecraft:deaths":2,"minecraft:sneak_time":7455,"minecraft:bell_ring":25,"minecraft:walk_under_water_one_cm":2546,"minecraft:jump":1415,"minecraft:leave_game":2,"minecraft:walk_on_water_one_cm":22058,"minecraft:time_since_death":608,"minecraft:climb_one_cm":2395,"minecraft:total_world_time":127709,"minecraft:fall_one_cm":6008},"minecraft:mined":{"minecraft:spruce_log":1,"minecraft:grass":1,"minecraft:green_bed":1}},"DataVersion":3465}