{"stats":{"minecraft:mined":{"minecraft:spruce_log":1},"minecraft:custom":{"minecraft:time_since_rest":46757,"minecraft:crouch_one_cm":32961,"minecraft:sprint_one_cm":419199,"minecraft:play_time":81428,"minecraft:walk_one_cm":458224,"minecraft:damage_taken":180,"minecraft:deaths":1,"minecraft:sneak_time":5176,"minecraft:interact_with_anvil":1,"minecraft:drop":9,"minecraft:jump":1089,"minecraft:leave_game":1,"minecraft:walk_on_water_one_cm":1528,"minecraft:time_since_death":46723,"minecraft:total_world_time":81428,"minecraft:climb_one_cm":332,"minecraft:fall_one_cm":3549,"minecraft:fly_one_cm":701628},"minecraft:picked_up":{"minecraft:stick":10,"minecraft:cooked_beef":2,"endrem:undead_eye":1,"minecraft:spruce_sapling":16,"minecraft:spruce_log":20},"minecraft:used":{"minecraft:dirt":79,"minecraft:sweet_berries":136},"minecraft:dropped":{"minecraft:sweet_berries":3,"minecraft:name_tag":1,"endrem:undead_eye":1,"minecraft:spruce_sapling":3,"minecraft:stick":1}},"DataVersion":3465}