{"stats":{"minecraft:used":{"minecraft:lead":23,"minecraft:green_bed":3,"minecraft:tube_coral":3,"minecraft:warped_roots":1,"minecraft:dirt":79,"supplementaries:faucet":4,"minecraft:dead_tube_coral":2,"minecraft:fire_coral":3,"minecraft:beehive":2,"minecraft:honey_bottle":12,"minecraft:small_dripleaf":2,"supplementaries:jar":9,"minecraft:honey_block":1,"minecraft:flowering_azalea":2,"minecraft:bricks":3,"minecraft:lantern":7,"minecraft:bread":1,"minecraft:music_disc_ward":1,"supplementaries:speaker_block":1,"minecraft:potion":13,"minecraft:horn_coral":3,"minecraft:sweet_berries":136,"immersive_weathering:dune_grass":3,"minecraft:sea_pickle":2,"minecraft:stripped_oak_log":1,"minecraft:kelp":2,"quark:red_blossom_sapling":1,"minecraft:turtle_egg":2,"minecraft:seagrass":4,"minecraft:jukebox":1},"minecraft:picked_up":{"minecraft:mud":12,"minecraft:cooked_beef":3,"minecraft:dark_oak_button":3,"quark:hollow_spruce_log":1,"minecraft:lead":1,"minecraft:bone":4,"minecraft:wheat_seeds":2,"endrem:undead_eye":1,"minecraft:glass_bottle":3,"minecraft:flowering_azalea":2,"minecraft:mangrove_log":10,"minecraft:scaffolding":1,"minecraft:stick":11,"minecraft:dark_oak_slab":1,"minecraft:sweet_berries":4,"minecraft:green_bed":4,"minecraft:pink_carpet":2,"minecraft:stripped_spruce_log":4,"minecraft:spruce_sapling":16,"quark:red_blossom_sapling":1,"minecraft:spruce_log":23,"minecraft:arrow":7,"minecraft:music_disc_ward":1,"minecraft:warped_roots":1,"minecraft:light_gray_carpet":1,"minecraft:snowball":7},"minecraft:killed_by":{"mutantmonsters:mutant_skeleton":1,"minecraft:skeleton":1,"minecraft:creeper":2,"minecraft:spider":1,"minecraft:zombie":1},"minecraft:custom":{"minecraft:interact_with_anvil":1,"minecraft:play_record":1,"minecraft:open_barrel":1,"minecraft:bell_ring":25,"minecraft:leave_game":2,"minecraft:time_since_death":4376,"minecraft:climb_one_cm":3867,"minecraft:time_since_rest":4554,"minecraft:waystone_activated":1,"minecraft:sprint_one_cm":728461,"minecraft:damage_taken":2465,"minecraft:walk_one_cm":909481,"minecraft:drop":13,"minecraft:damage_dealt":174,"minecraft:swim_one_cm":1617,"minecraft:fly_one_cm":1167571,"minecraft:player_kills":1,"minecraft:open_chest":5,"minecraft:crouch_one_cm":55691,"minecraft:play_time":151709,"minecraft:deaths":8,"minecraft:sneak_time":9009,"minecraft:walk_under_water_one_cm":2546,"minecraft:jump":2079,"minecraft:walk_on_water_one_cm":23729,"minecraft:total_world_time":151709,"minecraft:fall_one_cm":21552},"minecraft:dropped":{"minecraft:sweet_berries":3,"minecraft:cooked_beef":1,"minecraft:glass_bottle":1,"minecraft:name_tag":1,"minecraft:honey_bottle":2,"minecraft:stick":1,"endrem:undead_eye":1,"minecraft:spruce_sapling":3},"minecraft:mined":{"minecraft:scaffolding":1,"gravestone:gravestone":1,"minecraft:large_fern":1,"minecraft:spruce_log":1,"treechop:chopped_log":1,"minecraft:grass":5,"minecraft:mangrove_log":5,"minecraft:green_bed":3}},"DataVersion":3465}