{"stats":{"minecraft:picked_up":{"minecraft:tropical_fish":1},"minecraft:killed_by":{"minecraft:skeleton":4,"minecraft:creeper":2},"minecraft:custom":{"minecraft:jump":107,"minecraft:time_since_rest":767,"minecraft:damage_dealt":17,"minecraft:walk_on_water_one_cm":7087,"minecraft:sprint_one_cm":6028,"minecraft:deaths":6,"minecraft:play_time":5775,"minecraft:damage_taken":1820,"minecraft:time_since_death":680,"minecraft:walk_one_cm":76503,"minecraft:sneak_time":50,"minecraft:total_world_time":5775,"minecraft:walk_under_water_one_cm":3564,"minecraft:swim_one_cm":17927,"minecraft:fall_one_cm":6499,"minecraft:fly_one_cm":4958},"minecraft:mined":{"minecraft:grass":1,"minecraft:spruce_leaves":2,"minecraft:fern":1}},"DataVersion":3465}