{"stats":{"minecraft:used":{"minecraft:sweet_berries":7,"minecraft:cooked_beef":2},"minecraft:picked_up":{"minecraft:bone":1,"minecraft:cooked_beef":10,"minecraft:blue_orchid":1,"minecraft:rotten_flesh":4,"minecraft:sweet_berries":5,"minecraft:tropical_fish":1,"minecraft:wheat_seeds":1,"minecraft:green_bed":2,"minecraft:dirt":19,"minecraft:green_carpet":1,"minecraft:string":2},"minecraft:killed_by":{"minecraft:skeleton":5,"minecraft:creeper":6,"minecraft:zombie":4,"minecraft:player":1},"minecraft:custom":{"minecraft:open_chest":5,"minecraft:time_since_rest":1415,"minecraft:crouch_one_cm":1200,"minecraft:interact_with_furnace":2,"minecraft:play_time":40619,"minecraft:sprint_one_cm":145436,"minecraft:walk_one_cm":622342,"minecraft:damage_taken":5545,"minecraft:deaths":17,"minecraft:sneak_time":167,"minecraft:walk_under_water_one_cm":3564,"minecraft:jump":665,"minecraft:damage_dealt":151,"minecraft:leave_game":1,"minecraft:time_since_death":158,"minecraft:walk_on_water_one_cm":9291,"minecraft:sleep_in_bed":2,"minecraft:climb_one_cm":102,"minecraft:total_world_time":40619,"minecraft:swim_one_cm":17927,"minecraft:fly_one_cm":68274,"minecraft:fall_one_cm":20116},"minecraft:mined":{"gravestone:gravestone":1,"minecraft:grass":1,"minecraft:green_carpet":1,"minecraft:spruce_leaves":2,"immersive_weathering:frosty_grass":1,"minecraft:green_bed":2,"minecraft:fern":2,"minecraft:large_fern":2}},"DataVersion":3465}