{"stats":{"minecraft:used":{"minecraft:sweet_berries":7},"minecraft:picked_up":{"minecraft:rotten_flesh":4,"minecraft:sweet_berries":5,"minecraft:tropical_fish":1,"minecraft:green_bed":1},"minecraft:killed_by":{"minecraft:skeleton":5,"minecraft:creeper":2,"minecraft:player":1},"minecraft:custom":{"minecraft:open_chest":3,"minecraft:time_since_rest":1143,"minecraft:crouch_one_cm":185,"minecraft:play_time":17775,"minecraft:sprint_one_cm":11303,"minecraft:walk_one_cm":264889,"minecraft:damage_taken":2360,"minecraft:deaths":8,"minecraft:sneak_time":75,"minecraft:walk_under_water_one_cm":3564,"minecraft:jump":268,"minecraft:damage_dealt":87,"minecraft:time_since_death":1076,"minecraft:walk_on_water_one_cm":7432,"minecraft:climb_one_cm":102,"minecraft:total_world_time":17775,"minecraft:swim_one_cm":17927,"minecraft:fly_one_cm":7521,"minecraft:fall_one_cm":9306},"minecraft:mined":{"gravestone:gravestone":1,"minecraft:grass":1,"minecraft:spruce_leaves":2,"minecraft:green_bed":1,"minecraft:fern":1}},"DataVersion":3465}