{"stats":{"minecraft:used":{"minecraft:sweet_berries":7},"minecraft:picked_up":{"minecraft:blue_orchid":1,"minecraft:rotten_flesh":4,"minecraft:sweet_berries":5,"minecraft:tropical_fish":1,"minecraft:green_bed":2,"minecraft:green_carpet":1},"minecraft:killed_by":{"minecraft:skeleton":5,"minecraft:creeper":4,"minecraft:zombie":2,"minecraft:player":1},"minecraft:custom":{"minecraft:open_chest":5,"minecraft:time_since_rest":2584,"minecraft:crouch_one_cm":630,"minecraft:interact_with_furnace":1,"minecraft:play_time":29775,"minecraft:sprint_one_cm":55562,"minecraft:walk_one_cm":487579,"minecraft:damage_taken":3955,"minecraft:deaths":13,"minecraft:sneak_time":126,"minecraft:walk_under_water_one_cm":3564,"minecraft:jump":470,"minecraft:damage_dealt":151,"minecraft:time_since_death":2559,"minecraft:walk_on_water_one_cm":9097,"minecraft:climb_one_cm":102,"minecraft:total_world_time":29775,"minecraft:swim_one_cm":17927,"minecraft:fly_one_cm":23545,"minecraft:fall_one_cm":15915},"minecraft:mined":{"gravestone:gravestone":1,"minecraft:grass":1,"minecraft:green_carpet":1,"minecraft:spruce_leaves":2,"immersive_weathering:frosty_grass":1,"minecraft:green_bed":2,"minecraft:fern":1}},"DataVersion":3465}