{"stats":{"minecraft:killed_by":{"minecraft:creeper":1},"minecraft:mined":{"treechop:chopped_log":1},"minecraft:custom":{"minecraft:time_since_rest":11164,"minecraft:sprint_one_cm":74497,"minecraft:walk_one_cm":179335,"minecraft:damage_taken":470,"minecraft:drop":4,"minecraft:damage_dealt":9,"minecraft:fly_one_cm":236768,"minecraft:crouch_one_cm":755,"minecraft:play_time":31813,"minecraft:deaths":5,"minecraft:sneak_time":384,"minecraft:walk_under_water_one_cm":2863,"minecraft:jump":156,"minecraft:leave_game":2,"minecraft:time_since_death":11139,"minecraft:walk_on_water_one_cm":985,"minecraft:total_world_time":31813,"minecraft:fall_one_cm":880},"minecraft:picked_up":{"minecraft:stick":9,"gravestone:obituary":1,"minecraft:spruce_sapling":33,"minecraft:spruce_log":62,"minecraft:redstone":1,"minecraft:dirt":149,"minecraft:moss_carpet":1,"minecraft:wheat_seeds":3},"minecraft:used":{"minecraft:redstone_torch":4,"minecraft:sticky_piston":9,"minecraft:oak_trapdoor":5,"minecraft:stone_brick_slab":2,"minecraft:lava_bucket":1,"minecraft:bricks":533,"minecraft:cobblestone_stairs":7,"minecraft:flint_and_steel":4,"minecraft:iron_axe":24,"minecraft:redstone":23,"minecraft:brick_stairs":68,"minecraft:light_gray_carpet":11,"minecraft:stone_brick_stairs":12,"minecraft:glowstone":13,"minecraft:dirt":5,"minecraft:cobblestone":47,"minecraft:tnt":4,"minecraft:podzol":14,"minecraft:glass_pane":86,"minecraft:stone_pressure_plate":2,"minecraft:pink_carpet":11,"minecraft:mossy_stone_brick_wall":11},"minecraft:dropped":{"minecraft:moss_carpet":1,"alexsmobs:animal_dictionary":1,"gravestone:obituary":1,"patchouli:guide_book":1}},"DataVersion":3465}