{"stats":{"minecraft:killed_by":{"minecraft:creeper":1},"minecraft:mined":{"treechop:chopped_log":1},"minecraft:custom":{"minecraft:time_since_rest":23164,"minecraft:sprint_one_cm":96968,"minecraft:walk_one_cm":254724,"minecraft:damage_taken":470,"minecraft:drop":4,"minecraft:damage_dealt":9,"minecraft:fly_one_cm":297259,"minecraft:crouch_one_cm":11593,"minecraft:play_time":43813,"minecraft:deaths":5,"minecraft:sneak_time":1434,"minecraft:walk_under_water_one_cm":2863,"minecraft:jump":216,"minecraft:leave_game":2,"minecraft:time_since_death":23139,"minecraft:walk_on_water_one_cm":985,"minecraft:total_world_time":43813,"minecraft:fall_one_cm":880},"minecraft:picked_up":{"minecraft:stick":10,"minecraft:sweet_berries":6,"gravestone:obituary":1,"minecraft:spruce_sapling":34,"minecraft:spruce_log":62,"minecraft:redstone":1,"minecraft:green_carpet":1,"minecraft:dirt":149,"minecraft:moss_carpet":1,"minecraft:wheat_seeds":4},"minecraft:used":{"minecraft:redstone_torch":4,"minecraft:sticky_piston":9,"minecraft:oak_trapdoor":5,"minecraft:stone_brick_slab":2,"minecraft:lava_bucket":2,"minecraft:bricks":542,"minecraft:cobblestone_stairs":7,"minecraft:flint_and_steel":4,"minecraft:command_block":1,"minecraft:iron_axe":24,"minecraft:redstone":24,"minecraft:brick_stairs":68,"minecraft:light_gray_carpet":11,"minecraft:zombie_spawn_egg":5,"minecraft:stone_brick_stairs":20,"minecraft:green_carpet":157,"minecraft:torch":2,"minecraft:glowstone":17,"minecraft:dirt":9,"minecraft:cobblestone":74,"minecraft:sweet_berries":19,"minecraft:tnt":4,"minecraft:podzol":82,"minecraft:glass_pane":86,"minecraft:stone_pressure_plate":2,"minecraft:pink_carpet":12,"minecraft:mossy_stone_brick_wall":33},"minecraft:dropped":{"minecraft:moss_carpet":1,"alexsmobs:animal_dictionary":1,"gravestone:obituary":1,"patchouli:guide_book":1}},"DataVersion":3465}