{"stats":{"minecraft:killed_by":{"minecraft:creeper":1},"minecraft:custom":{"minecraft:time_since_rest":1174,"minecraft:sprint_one_cm":13699,"minecraft:play_time":7813,"minecraft:deaths":2,"minecraft:damage_taken":365,"minecraft:walk_one_cm":16055,"minecraft:sneak_time":98,"minecraft:walk_under_water_one_cm":2863,"minecraft:drop":4,"minecraft:jump":36,"minecraft:damage_dealt":9,"minecraft:leave_game":2,"minecraft:walk_on_water_one_cm":985,"minecraft:time_since_death":1143,"minecraft:total_world_time":7813,"minecraft:fall_one_cm":880,"minecraft:fly_one_cm":90749},"minecraft:picked_up":{"minecraft:wheat_seeds":1,"gravestone:obituary":1,"minecraft:moss_carpet":1},"minecraft:used":{"minecraft:flint_and_steel":1,"minecraft:tnt":1,"minecraft:podzol":2},"minecraft:dropped":{"gravestone:obituary":1,"minecraft:moss_carpet":1,"alexsmobs:animal_dictionary":1,"patchouli:guide_book":1}},"DataVersion":3465}