{"stats":{"minecraft:killed_by":{"minecraft:creeper":1},"minecraft:mined":{"treechop:chopped_log":1},"minecraft:custom":{"minecraft:interact_with_anvil":1,"minecraft:bell_ring":21,"minecraft:leave_game":2,"minecraft:time_since_death":59139,"minecraft:climb_one_cm":336,"minecraft:time_since_rest":59164,"minecraft:waystone_activated":1,"minecraft:sprint_one_cm":169588,"minecraft:damage_taken":470,"minecraft:walk_one_cm":456049,"minecraft:drop":25,"minecraft:damage_dealt":9,"minecraft:fly_one_cm":435563,"minecraft:open_chest":3,"minecraft:crouch_one_cm":13149,"minecraft:play_time":79813,"minecraft:deaths":5,"minecraft:sneak_time":1856,"minecraft:walk_under_water_one_cm":2863,"minecraft:jump":386,"minecraft:walk_on_water_one_cm":9782,"minecraft:total_world_time":79813,"minecraft:fall_one_cm":880,"minecraft:inspect_dispenser":14},"minecraft:picked_up":{"minecraft:cooked_beef":125,"minecraft:lead":1,"gravestone:obituary":1,"minecraft:dirt":149,"minecraft:moss_carpet":1,"minecraft:name_tag":1,"minecraft:wheat_seeds":4,"alexsmobs:raccoon_tail":1,"minecraft:stick":13,"minecraft:sweet_berries":1144,"minecraft:torch":1,"minecraft:pink_carpet":3,"minecraft:spruce_sapling":34,"minecraft:spruce_log":62,"minecraft:redstone":1,"minecraft:green_carpet":1,"minecraft:honey_bottle":1,"minecraft:oak_button":1,"minecraft:light_gray_carpet":3},"minecraft:used":{"minecraft:oak_fence":2,"minecraft:oak_trapdoor":37,"cfm:oak_mail_box":1,"minecraft:trident":15,"minecraft:water_bucket":9,"minecraft:cobblestone_stairs":7,"minecraft:flint_and_steel":4,"cfm:oak_park_bench":2,"minecraft:dispenser":6,"minecraft:redstone":24,"minecraft:light_gray_carpet":18,"minecraft:oak_sign":1,"quark:hollow_birch_log":5,"minecraft:chest":1,"minecraft:zombie_spawn_egg":5,"minetraps:razor_wire":4,"minecraft:bell":9,"minecraft:torch":8,"minecraft:dirt":14,"minecraft:anvil":2,"minecraft:tnt":4,"cfm:oak_desk":9,"minecraft:pink_carpet":19,"farmersdelight:rope":1,"cfm:oak_chair":9,"minecraft:redstone_torch":4,"minecraft:sticky_piston":9,"waystones:waystone":1,"minecraft:stone_brick_slab":4,"minecraft:lever":4,"minecraft:name_tag":1,"minecraft:lava_bucket":2,"cfm:black_sofa":4,"cfm:oak_bedside_cabinet":2,"minecraft:bricks":554,"cfm:flowering_azalea_hedge":9,"minecraft:command_block":1,"minecraft:iron_axe":24,"minecraft:grass_block":2,"minecraft:brick_stairs":68,"minecraft:oak_button":5,"minecraft:stone_brick_stairs":20,"minecraft:green_carpet":159,"minecraft:glowstone":53,"minecraft:cobblestone":78,"minecraft:pufferfish_bucket":5,"minecraft:sweet_berries":19,"alexsmobs:spawn_egg_blobfish":1,"minecraft:podzol":85,"minecraft:bucket":3,"minecraft:glass_pane":86,"cfm:birch_blinds":10,"alexsmobs:animal_dictionary":1,"minecraft:stone_pressure_plate":2,"minecraft:tropical_fish_bucket":15,"minecraft:oak_hanging_sign":2,"minecraft:mossy_stone_brick_wall":33},"minecraft:dropped":{"minecraft:moss_carpet":1,"minecraft:sweet_berries":17,"minecraft:cooked_beef":1,"alexsmobs:animal_dictionary":1,"minecraft:tropical_fish":1,"patchouli:guide_book":1,"minecraft:torch":2,"gravestone:obituary":1}},"DataVersion":3465}