{"stats":{"minecraft:crafted":{"minecraft:wooden_sword":4,"minecraft:stone_pickaxe":1,"minecraft:dark_oak_planks":16,"minecraft:wheat":81,"minecraft:cooked_beef":1,"minecraft:wooden_shovel":3,"minecraft:crafting_table":9,"minecraft:spruce_planks":128,"minecraft:wooden_pickaxe":4,"minecraft:mangrove_planks":32,"minecraft:stone_axe":2,"minecraft:bread":24,"minecraft:air":0,"biomesoplenty:fir_planks":2188,"biomesoplenty:fir_fence":576,"minecraft:stick":292,"minecraft:wooden_axe":2,"minecraft:stone_sword":1,"minecraft:torch":8},"minecraft:picked_up":{"minecraft:mud":54,"minecraft:crafting_table":4,"minecraft:wheat":1,"minecraft:lead":2,"gravestone:obituary":7,"minecraft:string":6,"minecraft:moss_carpet":1,"minecraft:wooden_sword":1,"minecraft:smooth_stone_slab":5,"minecraft:item_frame":12,"minecraft:pufferfish":1,"minecraft:experience_bottle":1,"minecraft:blue_orchid":1,"quark:spruce_chest":2,"biomesoplenty:fir_planks":1,"minecraft:spruce_planks":2,"minecraft:beef":2,"minecraft:poppy":2,"alexsmobs:raccoon_tail":1,"farmersdelight:cabbage_seeds":14,"minecraft:piston":1,"minecraft:mangrove_log":8,"minecraft:beehive":2,"minecraft:stick":139,"minecraft:torch":5,"minecraft:green_bed":4,"minecraft:pink_carpet":9,"minecraft:spruce_fence":10,"minecraft:snow_block":2,"minecraft:stone_button":2,"minecraft:redstone":1,"immersive_weathering:permafrost":5,"minecraft:dark_oak_planks":1,"minecraft:arrow":7,"minecraft:honey_bottle":1,"minecraft:rotten_flesh":22,"farmersdelight:onion":2,"minecraft:hay_block":10,"minecraft:stripped_dark_oak_wood":1,"minecraft:saddle":1,"minecraft:mangrove_roots":1,"supplementaries:ash":2,"minecraft:leather_horse_armor":1,"minecraft:mutton":10,"minecraft:cobblestone":290,"minecraft:snowball":104,"minecraft:white_wool":4,"minecraft:cooked_beef":130,"minecraft:feather":3,"minecraft:dark_oak_button":1,"minecraft:leather":3,"biomesoplenty:fir_sapling":103,"biomesoplenty:fir_log":537,"minecraft:flint":2,"minecraft:stripped_spruce_wood":1,"minecraft:jungle_button":1,"minecraft:gunpowder":4,"minecraft:paper":1,"minecraft:dirt":203,"minecraft:lantern":3,"minecraft:name_tag":1,"minecraft:cooked_mutton":1,"minecraft:leather_boots":1,"minecraft:bone":5,"minecraft:bow":1,"minecraft:wheat_seeds":13,"minecraft:stone_pickaxe":1,"minecraft:dark_oak_stairs":10,"minecraft:diorite_wall":1,"minecraft:dark_oak_slab":2,"minecraft:pumpkin":2,"minecraft:sweet_berries":1158,"minecraft:dandelion":1,"minecraft:gravel":22,"minecraft:amethyst_shard":10,"minecraft:stripped_spruce_log":35,"minecraft:spruce_sapling":38,"minecraft:spruce_log":106,"minecraft:green_carpet":32,"minecraft:spruce_fence_gate":1,"minecraft:polished_diorite":4,"waystones:waystone":2,"minecraft:gray_wool":1,"minecraft:emerald":2,"minecraft:bread":10,"minecraft:oak_button":1,"minecraft:light_gray_carpet":8,"minecraft:stripped_dark_oak_log":3,"minecraft:bricks":7,"minecraft:coal":43},"minecraft:used":{"minecraft:oak_fence":2,"minecraft:oak_trapdoor":37,"minecraft:trident":15,"cfm:oak_mail_box":1,"minecraft:stone_sword":22,"minecraft:flint_and_steel":4,"minecraft:dispenser":6,"minecraft:redstone":24,"minecraft:light_gray_carpet":24,"minecraft:oak_sign":1,"minecraft:chest":1,"minecraft:spruce_planks":10,"minecraft:zombie_spawn_egg":5,"minecraft:wooden_shovel":59,"minecraft:bell":9,"minecraft:rotten_flesh":3,"minecraft:torch":11,"minecraft:dirt":24,"minecraft:anvil":2,"supplementaries:faucet":4,"cfm:oak_desk":9,"minecraft:pink_carpet":27,"minecraft:beehive":2,"minecraft:spruce_fence":4,"minecraft:snowball":21,"farmersdelight:rope":1,"minecraft:dark_oak_planks":1,"supplementaries:jar":11,"minecraft:stone_brick_slab":6,"minecraft:wooden_axe":24,"minecraft:name_tag":1,"minecraft:lava_bucket":3,"cfm:black_sofa":7,"cfm:oak_bedside_cabinet":2,"minecraft:bricks":574,"cfm:flowering_azalea_hedge":9,"quark:spruce_chest":2,"minecraft:iron_axe":24,"minecraft:grass_block":2,"minecraft:brick_stairs":68,"minecraft:stone_brick_stairs":20,"minecraft:item_frame":1,"minecraft:glowstone":53,"minecraft:sweet_berries":28,"alexsmobs:spawn_egg_blobfish":1,"minecraft:podzol":112,"minecraft:stone_pressure_plate":2,"minecraft:cooked_beef":25,"minecraft:mossy_stone_brick_wall":33,"minecraft:cooked_mutton":1,"minecraft:water_bucket":10,"minecraft:cobblestone_stairs":19,"cfm:oak_park_bench":2,"minecraft:stone_pickaxe":140,"minecraft:mangrove_planks":5,"quark:hollow_birch_log":5,"minecraft:wooden_pickaxe":56,"biomesoplenty:fir_planks":1,"minecraft:green_bed":2,"minetraps:razor_wire":298,"minecraft:cobblestone_slab":4,"minecraft:tnt":4,"minecraft:crafting_table":12,"minecraft:spruce_log":2,"cfm:oak_chair":9,"minecraft:redstone_torch":4,"minecraft:sticky_piston":10,"waystones:waystone":3,"minecraft:mud":19,"minecraft:lever":4,"minecraft:command_block":1,"minecraft:bread":51,"minecraft:oak_button":5,"minecraft:leather_helmet":1,"minecraft:gravel":17,"minecraft:stone_axe":150,"minecraft:green_carpet":159,"minecraft:wooden_sword":91,"minecraft:cobblestone":625,"minecraft:pufferfish_bucket":5,"minecraft:bucket":5,"minecraft:glass_pane":98,"cfm:birch_blinds":10,"alexsmobs:animal_dictionary":1,"minecraft:tropical_fish_bucket":15,"minecraft:oak_hanging_sign":2,"minecraft:experience_bottle":1},"minecraft:killed":{"minecraft:spider":4,"minecraft:skeleton":2,"minecraft:zombie_villager":2,"minecraft:zombie":9,"minecraft:cow":2},"minecraft:killed_by":{"minecraft:player":1,"minecraft:creeper":9,"minecraft:spider":2,"minecraft:pillager":1,"minecraft:enderman":1,"minecraft:pufferfish":2,"takesapillage:skirmisher":3,"mutantmonsters:mutant_skeleton":1,"minecraft:skeleton":9,"minecraft:zombie":7,"alexsmobs:moose":1},"minecraft:broken":{"minecraft:wooden_shovel":1,"minecraft:stone_pickaxe":1,"minecraft:wooden_sword":1,"minecraft:stone_axe":1},"minecraft:custom":{"minecraft:interact_with_anvil":1,"minecraft:mob_kills":22,"minecraft:animals_bred":2,"minecraft:interact_with_crafting_table":28,"minecraft:open_barrel":1,"minecraft:bell_ring":45,"minecraft:damage_dealt_resisted":18,"minecraft:leave_game":7,"minecraft:time_since_death":486,"minecraft:climb_one_cm":2827,"minecraft:sprint_one_cm":1775546,"minecraft:walk_one_cm":1703265,"minecraft:drop":87,"minecraft:damage_dealt_absorbed":14,"minecraft:talked_to_villager":2,"minecraft:play_time":311597,"minecraft:deaths":46,"minecraft:sneak_time":3927,"minecraft:walk_under_water_one_cm":3918,"minecraft:jump":4112,"minecraft:walk_on_water_one_cm":20144,"minecraft:total_world_time":311597,"minecraft:interact_with_furnace":3,"minecraft:interact_with_loom":1,"minecraft:sleep_in_bed":5,"minecraft:time_since_rest":511,"minecraft:waystone_activated":6,"minecraft:damage_taken":15534,"minecraft:damage_absorbed":105,"minecraft:damage_dealt":4917,"minecraft:swim_one_cm":8515,"minecraft:fly_one_cm":2364022,"minecraft:player_kills":1,"minecraft:open_chest":54,"minecraft:crouch_one_cm":29633,"minecraft:fall_one_cm":92992,"minecraft:inspect_dispenser":16},"minecraft:dropped":{"minecraft:bread":2,"minecraft:wheat_seeds":4,"minecraft:cooked_beef":10,"minecraft:tropical_fish":1,"minecraft:item_frame":3,"biomesoplenty:fir_sapling":75,"minecraft:stick":1,"minecraft:pufferfish":1,"minecraft:flint":1,"minecraft:torch":4,"minecraft:snowball":16,"gravestone:obituary":18,"minecraft:amethyst_shard":10,"minecraft:mud":12,"biomesoplenty:fir_fence":320,"minecraft:paper":1,"minecraft:string":1,"minecraft:dark_oak_planks":1,"minecraft:spruce_sapling":4,"minecraft:bone":2,"minecraft:moss_carpet":1,"minecraft:sweet_berries":17,"alexsmobs:animal_dictionary":2,"minecraft:green_bed":1,"farmersdelight:cabbage_seeds":5,"minecraft:rotten_flesh":2,"minecraft:honey_bottle":1,"minecraft:spruce_fence":1,"patchouli:guide_book":1,"minecraft:arrow":1,"minecraft:blue_orchid":1,"minecraft:wooden_pickaxe":1},"minecraft:mined":{"minecraft:spruce_planks":2,"immersive_weathering:grassy_permafrost":3,"biomesoplenty:desert_grass":5,"gravestone:gravestone":27,"minecraft:budding_amethyst":1,"minecraft:grass_block":3,"minecraft:spruce_fence":5,"minecraft:spruce_leaves":17,"biomesoplenty:dead_grass":3,"minecraft:hay_block":10,"minecraft:snow":1,"minecraft:stripped_spruce_log":4,"minecraft:pumpkin":3,"treechop:chopped_log":11,"minecraft:stripped_dark_oak_wood":1,"minecraft:blue_orchid":1,"minecraft:stone":114,"minecraft:green_bed":4,"minecraft:podzol":2,"minecraft:brown_stained_glass_pane":1,"minecraft:snow_block":1,"immersive_weathering:spruce_leaf_pile":5,"minecraft:stripped_dark_oak_log":3,"minecraft:amethyst_cluster":2,"minecraft:dandelion":1,"minecraft:powder_snow":147,"minecraft:crafting_table":4,"minecraft:torch":3,"biomesoplenty:fir_planks":1,"minecraft:poppy":4,"minecraft:cobblestone":9,"minecraft:bricks":2,"immersive_weathering:permafrost":2,"minecraft:dark_oak_slab":2,"minecraft:stripped_spruce_wood":1,"minecraft:mud":26,"minecraft:sweet_berry_bush":4,"minecraft:ice":2,"minecraft:spruce_log":4,"minecraft:mangrove_leaves":5,"minecraft:grass":34,"minecraft:coal_ore":40,"quark:spruce_chest":2,"minecraft:gravel":9,"minecraft:dirt":9,"minecraft:mangrove_log":1,"minecraft:piston":1,"immersive_weathering:frosty_grass":2,"minecraft:fern":27}},"DataVersion":3465}