{"stats":{"minecraft:killed_by":{"minecraft:creeper":1},"minecraft:mined":{"treechop:chopped_log":1},"minecraft:custom":{"minecraft:time_since_rest":47164,"minecraft:waystone_activated":1,"minecraft:sprint_one_cm":145930,"minecraft:walk_one_cm":403004,"minecraft:damage_taken":470,"minecraft:interact_with_anvil":1,"minecraft:drop":23,"minecraft:damage_dealt":9,"minecraft:fly_one_cm":376371,"minecraft:open_chest":3,"minecraft:crouch_one_cm":12583,"minecraft:play_time":67813,"minecraft:deaths":5,"minecraft:sneak_time":1766,"minecraft:walk_under_water_one_cm":2863,"minecraft:jump":327,"minecraft:leave_game":2,"minecraft:time_since_death":47139,"minecraft:walk_on_water_one_cm":5758,"minecraft:total_world_time":67813,"minecraft:fall_one_cm":880,"minecraft:inspect_dispenser":14},"minecraft:picked_up":{"minecraft:stick":13,"minecraft:sweet_berries":1144,"minecraft:lead":1,"gravestone:obituary":1,"minecraft:spruce_sapling":34,"minecraft:spruce_log":62,"minecraft:redstone":1,"minecraft:green_carpet":1,"minecraft:dirt":149,"minecraft:moss_carpet":1,"minecraft:name_tag":1,"minecraft:wheat_seeds":4,"minecraft:oak_button":1,"alexsmobs:raccoon_tail":1,"minecraft:cooked_beef":125},"minecraft:used":{"cfm:oak_chair":9,"minecraft:redstone_torch":4,"minecraft:sticky_piston":9,"minecraft:oak_trapdoor":15,"waystones:waystone":1,"minecraft:stone_brick_slab":4,"minecraft:lever":4,"cfm:oak_bedside_cabinet":2,"cfm:black_sofa":4,"minecraft:lava_bucket":2,"minecraft:bricks":551,"minecraft:cobblestone_stairs":7,"minecraft:flint_and_steel":4,"minecraft:command_block":1,"minecraft:grass_block":2,"minecraft:iron_axe":24,"minecraft:oak_button":5,"minecraft:dispenser":6,"minecraft:redstone":24,"minecraft:brick_stairs":68,"minecraft:oak_sign":1,"minecraft:light_gray_carpet":11,"minecraft:chest":1,"minecraft:zombie_spawn_egg":5,"minetraps:razor_wire":4,"minecraft:stone_brick_stairs":20,"minecraft:green_carpet":159,"minecraft:torch":8,"minecraft:glowstone":24,"minecraft:anvil":2,"minecraft:dirt":14,"minecraft:cobblestone":78,"minecraft:sweet_berries":19,"minecraft:tnt":4,"minecraft:podzol":85,"cfm:oak_desk":9,"cfm:birch_blinds":10,"minecraft:glass_pane":86,"alexsmobs:animal_dictionary":1,"minecraft:stone_pressure_plate":2,"minecraft:pink_carpet":12,"minecraft:oak_hanging_sign":2,"minecraft:mossy_stone_brick_wall":33,"minecraft:water_bucket":6,"minecraft:trident":14,"minecraft:name_tag":1,"minecraft:oak_fence":2,"farmersdelight:rope":1},"minecraft:dropped":{"minecraft:moss_carpet":1,"minecraft:sweet_berries":17,"minecraft:cooked_beef":1,"alexsmobs:animal_dictionary":1,"gravestone:obituary":1,"minecraft:tropical_fish":1,"patchouli:guide_book":1}},"DataVersion":3465}