{"stats":{"minecraft:custom":{"minecraft:mob_kills":2,"minecraft:interact_with_anvil":1,"minecraft:interact_with_crafting_table":1,"minecraft:bell_ring":34,"minecraft:leave_game":3,"minecraft:time_since_death":2845,"minecraft:climb_one_cm":336,"minecraft:time_since_rest":2875,"minecraft:waystone_activated":1,"minecraft:sprint_one_cm":354399,"minecraft:damage_taken":2530,"minecraft:walk_one_cm":717794,"minecraft:drop":35,"minecraft:damage_dealt":246,"minecraft:damage_dealt_absorbed":14,"minecraft:swim_one_cm":3953,"minecraft:fly_one_cm":604004,"minecraft:player_kills":1,"minecraft:open_chest":3,"minecraft:crouch_one_cm":24275,"minecraft:play_time":142295,"minecraft:deaths":13,"minecraft:sneak_time":3226,"minecraft:walk_under_water_one_cm":3086,"minecraft:jump":749,"minecraft:walk_on_water_one_cm":12464,"minecraft:total_world_time":142295,"minecraft:fall_one_cm":8308,"minecraft:inspect_dispenser":14},"minecraft:picked_up":{"minecraft:cooked_beef":128,"minecraft:lead":2,"gravestone:obituary":4,"minecraft:gunpowder":4,"minecraft:dirt":149,"minecraft:moss_carpet":1,"minecraft:name_tag":1,"minecraft:pufferfish":1,"minecraft:wheat_seeds":5,"alexsmobs:raccoon_tail":1,"minecraft:stick":14,"minecraft:sweet_berries":1158,"minecraft:torch":2,"minecraft:pink_carpet":8,"minecraft:spruce_fence":1,"minecraft:amethyst_shard":10,"minecraft:spruce_sapling":34,"minecraft:spruce_log":63,"minecraft:redstone":1,"minecraft:green_carpet":32,"minecraft:honey_bottle":1,"minecraft:rotten_flesh":4,"minecraft:oak_button":1,"minecraft:light_gray_carpet":8,"minecraft:stripped_dark_oak_log":3,"minecraft:bricks":2},"minecraft:dropped":{"minecraft:moss_carpet":1,"minecraft:sweet_berries":17,"minecraft:wheat_seeds":1,"minecraft:cooked_beef":3,"alexsmobs:animal_dictionary":1,"minecraft:tropical_fish":1,"minecraft:honey_bottle":1,"patchouli:guide_book":1,"minecraft:pufferfish":1,"minecraft:torch":2,"gravestone:obituary":6},"minecraft:mined":{"minecraft:amethyst_cluster":2,"minecraft:stripped_dark_oak_log":3,"gravestone:gravestone":3,"minecraft:budding_amethyst":1,"minecraft:spruce_fence":1,"minecraft:poppy":1,"minecraft:spruce_leaves":4,"minecraft:sweet_berry_bush":4,"treechop:chopped_log":1,"minecraft:grass":3,"minecraft:fern":10},"minecraft:killed_by":{"minecraft:player":1,"minecraft:skeleton":2,"minecraft:creeper":1,"minecraft:spider":1,"minecraft:zombie":2,"minecraft:pufferfish":2},"minecraft:killed":{"minecraft:zombie":1},"minecraft:crafted":{"minecraft:crafting_table":1,"minecraft:wooden_pickaxe":1,"minecraft:stick":4,"minecraft:dark_oak_planks":12},"minecraft:used":{"minecraft:oak_fence":2,"minecraft:oak_trapdoor":37,"cfm:oak_mail_box":1,"minecraft:water_bucket":10,"minecraft:trident":15,"minecraft:cobblestone_stairs":19,"minecraft:flint_and_steel":4,"cfm:oak_park_bench":2,"minecraft:dispenser":6,"minecraft:redstone":24,"minecraft:light_gray_carpet":24,"minecraft:oak_sign":1,"quark:hollow_birch_log":5,"minecraft:chest":1,"minecraft:wooden_pickaxe":3,"minecraft:zombie_spawn_egg":5,"minetraps:razor_wire":298,"minecraft:bell":9,"minecraft:cobblestone_slab":4,"minecraft:torch":8,"minecraft:dirt":14,"minecraft:anvil":2,"minecraft:tnt":4,"minecraft:crafting_table":1,"supplementaries:faucet":4,"cfm:oak_desk":9,"minecraft:pink_carpet":26,"minecraft:spruce_fence":4,"farmersdelight:rope":1,"cfm:oak_chair":9,"minecraft:redstone_torch":4,"supplementaries:jar":11,"minecraft:sticky_piston":10,"waystones:waystone":1,"minecraft:stone_brick_slab":4,"minecraft:lever":4,"minecraft:name_tag":1,"minecraft:lava_bucket":2,"cfm:oak_bedside_cabinet":2,"cfm:black_sofa":7,"minecraft:bricks":562,"cfm:flowering_azalea_hedge":9,"minecraft:command_block":1,"minecraft:grass_block":2,"minecraft:iron_axe":24,"minecraft:oak_button":5,"minecraft:brick_stairs":68,"minecraft:stone_brick_stairs":20,"minecraft:green_carpet":159,"minecraft:glowstone":53,"minecraft:cobblestone":90,"minecraft:pufferfish_bucket":5,"minecraft:sweet_berries":28,"alexsmobs:spawn_egg_blobfish":1,"minecraft:podzol":86,"minecraft:bucket":5,"cfm:birch_blinds":10,"minecraft:glass_pane":86,"alexsmobs:animal_dictionary":1,"minecraft:stone_pressure_plate":2,"minecraft:tropical_fish_bucket":15,"minecraft:cooked_beef":1,"minecraft:oak_hanging_sign":2,"minecraft:mossy_stone_brick_wall":33}},"DataVersion":3465}