{"stats":{"minecraft:killed_by":{"minecraft:creeper":1},"minecraft:mined":{"treechop:chopped_log":1},"minecraft:custom":{"minecraft:time_since_rest":35164,"minecraft:waystone_activated":1,"minecraft:sprint_one_cm":118497,"minecraft:walk_one_cm":337728,"minecraft:damage_taken":470,"minecraft:interact_with_anvil":1,"minecraft:drop":21,"minecraft:damage_dealt":9,"minecraft:fly_one_cm":336688,"minecraft:open_chest":2,"minecraft:crouch_one_cm":12050,"minecraft:play_time":55813,"minecraft:deaths":5,"minecraft:sneak_time":1576,"minecraft:walk_under_water_one_cm":2863,"minecraft:jump":254,"minecraft:leave_game":2,"minecraft:time_since_death":35139,"minecraft:walk_on_water_one_cm":985,"minecraft:total_world_time":55813,"minecraft:fall_one_cm":880,"minecraft:inspect_dispenser":10},"minecraft:picked_up":{"minecraft:stick":10,"minecraft:sweet_berries":642,"gravestone:obituary":1,"minecraft:spruce_sapling":34,"minecraft:spruce_log":62,"minecraft:redstone":1,"minecraft:green_carpet":1,"minecraft:dirt":149,"minecraft:moss_carpet":1,"minecraft:wheat_seeds":4,"alexsmobs:raccoon_tail":1,"minecraft:cooked_beef":63},"minecraft:used":{"cfm:oak_chair":9,"minecraft:redstone_torch":4,"minecraft:sticky_piston":9,"minecraft:oak_trapdoor":5,"waystones:waystone":1,"minecraft:stone_brick_slab":4,"minecraft:lever":4,"cfm:oak_bedside_cabinet":2,"cfm:black_sofa":4,"minecraft:lava_bucket":2,"minecraft:bricks":546,"minecraft:cobblestone_stairs":7,"minecraft:flint_and_steel":4,"minecraft:command_block":1,"minecraft:iron_axe":24,"minecraft:oak_button":3,"minecraft:dispenser":4,"minecraft:redstone":24,"minecraft:brick_stairs":68,"minecraft:oak_sign":1,"minecraft:light_gray_carpet":11,"minecraft:chest":1,"minecraft:zombie_spawn_egg":5,"minetraps:razor_wire":4,"minecraft:stone_brick_stairs":20,"minecraft:green_carpet":159,"minecraft:torch":7,"minecraft:glowstone":17,"minecraft:anvil":2,"minecraft:dirt":9,"minecraft:cobblestone":78,"minecraft:sweet_berries":19,"minecraft:tnt":4,"minecraft:podzol":84,"cfm:oak_desk":9,"cfm:birch_blinds":10,"minecraft:glass_pane":86,"minecraft:stone_pressure_plate":2,"minecraft:pink_carpet":12,"minecraft:mossy_stone_brick_wall":33,"minecraft:oak_fence":1,"farmersdelight:rope":1},"minecraft:dropped":{"minecraft:moss_carpet":1,"minecraft:sweet_berries":17,"alexsmobs:animal_dictionary":1,"gravestone:obituary":1,"patchouli:guide_book":1}},"DataVersion":3465}