{"stats":{"minecraft:killed_by":{"minecraft:creeper":1},"minecraft:custom":{"minecraft:time_since_rest":11331,"minecraft:crouch_one_cm":393,"minecraft:sprint_one_cm":47463,"minecraft:play_time":19813,"minecraft:deaths":4,"minecraft:damage_taken":365,"minecraft:walk_one_cm":111098,"minecraft:sneak_time":228,"minecraft:walk_under_water_one_cm":2863,"minecraft:drop":4,"minecraft:jump":104,"minecraft:damage_dealt":9,"minecraft:leave_game":2,"minecraft:walk_on_water_one_cm":985,"minecraft:time_since_death":11306,"minecraft:total_world_time":19813,"minecraft:fall_one_cm":880,"minecraft:fly_one_cm":150499},"minecraft:picked_up":{"minecraft:stick":1,"minecraft:wheat_seeds":3,"minecraft:spruce_sapling":19,"gravestone:obituary":1,"minecraft:redstone":1,"minecraft:dirt":149,"minecraft:moss_carpet":1},"minecraft:used":{"minecraft:redstone_torch":4,"minecraft:sticky_piston":9,"minecraft:cobblestone_stairs":7,"minecraft:dirt":5,"minecraft:bricks":321,"minecraft:cobblestone":26,"minecraft:flint_and_steel":4,"minecraft:tnt":4,"minecraft:redstone":23,"minecraft:podzol":9,"minecraft:stone_pressure_plate":2,"minecraft:mossy_stone_brick_wall":11},"minecraft:dropped":{"gravestone:obituary":1,"minecraft:moss_carpet":1,"alexsmobs:animal_dictionary":1,"patchouli:guide_book":1}},"DataVersion":3465}