{"stats":{"minecraft:used":{"cfm:oak_mail_box":1,"minecraft:dispenser":6,"minecraft:ladder":3,"minecraft:oak_sign":1,"minecraft:chest":1,"minecraft:iron_sword":158,"minecraft:zombie_spawn_egg":5,"minecraft:bell":9,"minecraft:rotten_flesh":3,"cfm:oak_desk":9,"minecraft:cracked_deepslate_tiles":2,"minecraft:beehive":2,"minecraft:snowball":21,"minecraft:name_tag":1,"minecraft:lava_bucket":3,"minecraft:bricks":574,"minecraft:grass_block":2,"minecraft:stone_brick_stairs":20,"minecraft:stone_bricks":2,"minecraft:item_frame":1,"minecraft:sweet_berries":28,"cfm:oak_park_bench":2,"minecraft:stone_pickaxe":140,"minecraft:mangrove_planks":5,"minecraft:oak_planks":33,"minecraft:wooden_pickaxe":84,"biomesoplenty:fir_planks":28,"minetraps:razor_wire":298,"minecraft:blue_bed":2,"cfm:oak_chair":9,"minecraft:redstone_torch":4,"minecraft:sticky_piston":10,"waystones:waystone":5,"minecraft:lever":4,"minecraft:bread":93,"minecraft:gravel":18,"minecraft:wooden_sword":91,"minecraft:pufferfish_bucket":5,"minecraft:tropical_fish_bucket":15,"minecraft:oak_hanging_sign":2,"minecraft:experience_bottle":1,"minecraft:oak_trapdoor":37,"minecraft:oak_fence":2,"minecraft:trident":15,"minecraft:stone_sword":22,"minecraft:flint_and_steel":4,"minecraft:redstone":24,"minecraft:light_gray_carpet":24,"minecraft:spruce_planks":13,"minecraft:wooden_shovel":61,"minecraft:torch":16,"minecraft:dirt":111,"minecraft:anvil":2,"supplementaries:faucet":4,"minecraft:pink_carpet":27,"minecraft:spruce_fence":4,"farmersdelight:rope":1,"supplementaries:jar":11,"minecraft:stone_brick_slab":6,"minecraft:wooden_axe":24,"minecraft:dark_oak_planks":1,"cfm:black_sofa":7,"cfm:oak_bedside_cabinet":2,"cfm:flowering_azalea_hedge":9,"quark:spruce_chest":2,"minecraft:iron_axe":24,"minecraft:brick_stairs":68,"minecraft:glowstone":53,"alexsmobs:spawn_egg_blobfish":1,"minecraft:podzol":112,"minecraft:stone_pressure_plate":2,"minecraft:cooked_beef":25,"minecraft:cobbled_deepslate":3,"minecraft:mossy_stone_brick_wall":33,"minecraft:cooked_mutton":1,"minecraft:water_bucket":10,"minecraft:cobblestone_stairs":19,"quark:hollow_birch_log":5,"minecraft:cobblestone_slab":4,"minecraft:green_bed":2,"minecraft:tnt":4,"minecraft:crafting_table":17,"minecraft:red_bed":2,"minecraft:spruce_log":2,"minecraft:mud":19,"minecraft:command_block":1,"minecraft:oak_button":5,"minecraft:iron_pickaxe":22,"minecraft:leather_helmet":1,"simplyswords:iron_sai":11,"minecraft:stone_axe":150,"minecraft:green_carpet":159,"minecraft:cobblestone":630,"minecraft:purple_bed":1,"minecraft:bucket":5,"cfm:birch_blinds":10,"minecraft:glass_pane":98,"alexsmobs:animal_dictionary":1,"minecraft:stripped_oak_log":2},"minecraft:broken":{"minecraft:wooden_shovel":1,"minecraft:stone_pickaxe":1,"minecraft:wooden_sword":1,"minecraft:stone_axe":1,"minecraft:leather_helmet":1,"minecraft:chainmail_helmet":1},"minecraft:dropped":{"minecraft:spruce_sign":1,"minecraft:cooked_beef":10,"biomesoplenty:fir_sapling":75,"minecraft:item_frame":3,"minecraft:cobblestone_stairs":1,"minecraft:flint":1,"minecraft:dirt":27,"minecraft:snowball":16,"gravestone:obituary":62,"minecraft:amethyst_shard":10,"biomesoplenty:fir_fence":320,"minecraft:dark_oak_planks":1,"simplyswords:iron_sai":1,"minecraft:bone":3,"alexsmobs:animal_dictionary":2,"minecraft:rotten_flesh":20,"minecraft:honey_bottle":1,"patchouli:guide_book":1,"supplementaries:ash":1,"minecraft:skeleton_skull":1,"minecraft:arrow":3,"minecraft:bread":2,"minecraft:stripped_spruce_log":2,"minecraft:wheat_seeds":5,"minecraft:lilac":5,"minecraft:mossy_cobblestone":6,"minecraft:cobblestone":21,"minecraft:tropical_fish":1,"minecraft:spruce_stairs":1,"minecraft:coal":1,"minecraft:stick":10,"minecraft:pufferfish":1,"minecraft:warped_slab":1,"minecraft:torch":4,"minecraft:lodestone":1,"minecraft:music_disc_strad":1,"minecraft:mud":12,"minecraft:paper":1,"minecraft:string":4,"minecraft:gray_carpet":1,"minecraft:spruce_sapling":4,"minecraft:redstone":1,"minecraft:moss_carpet":1,"alexsmobs:maggot":1,"minecraft:sweet_berries":17,"minecraft:oak_trapdoor":1,"minecraft:tuff":1,"minecraft:green_bed":1,"farmersdelight:cabbage_seeds":5,"minecraft:green_concrete":1,"sophisticatedbackpacks:backpack":1,"minecraft:spruce_fence":3,"minecraft:cobblestone_slab":1,"minecraft:allium":2,"minecraft:spruce_trapdoor":3,"minecraft:spruce_planks":4,"minecraft:andesite":2,"minecraft:oak_sapling":2,"minecraft:spruce_log":16,"minecraft:blue_orchid":1,"minecraft:wooden_pickaxe":1},"minecraft:killed_by":{"minecraft:creeper":16,"minecraft:pillager":2,"minecraft:pufferfish":2,"minecraft:vindicator":1,"minecraft:zombie":9,"alexsmobs:grizzly_bear":3,"minecraft:player":1,"minecraft:spider":2,"minecraft:enderman":1,"takesapillage:skirmisher":3,"mutantmonsters:mutant_skeleton":3,"minecraft:skeleton":19,"alexsmobs:moose":1},"minecraft:custom":{"minecraft:animals_bred":2,"minecraft:interact_with_crafting_table":38,"minecraft:open_barrel":9,"minecraft:bell_ring":45,"minecraft:leave_game":7,"minecraft:time_since_death":12152,"minecraft:sprint_one_cm":2277322,"minecraft:drop":208,"minecraft:talked_to_villager":2,"minecraft:play_time":396847,"minecraft:deaths":73,"minecraft:jump":5760,"minecraft:walk_on_water_one_cm":25046,"minecraft:interact_with_furnace":3,"minecraft:interact_with_loom":1,"minecraft:sleep_in_bed":8,"minecraft:waystone_activated":8,"minecraft:damage_dealt":15116,"minecraft:player_kills":3,"minecraft:crouch_one_cm":37381,"minecraft:interact_with_smoker":1,"minecraft:inspect_dispenser":16,"minecraft:mob_kills":73,"minecraft:interact_with_anvil":2,"minecraft:damage_dealt_resisted":18,"minecraft:climb_one_cm":12278,"minecraft:walk_one_cm":2044954,"minecraft:damage_dealt_absorbed":42,"minecraft:sneak_time":5680,"minecraft:walk_under_water_one_cm":4862,"minecraft:total_world_time":396847,"minecraft:time_since_rest":12178,"minecraft:damage_absorbed":105,"minecraft:damage_taken":25440,"minecraft:swim_one_cm":26919,"minecraft:fly_one_cm":3102871,"minecraft:open_chest":86,"minecraft:fall_one_cm":138457},"minecraft:picked_up":{"minecraft:iron_chestplate":1,"minecraft:music_disc_strad":3,"minecraft:wheat":1,"minecraft:lead":2,"minecraft:warped_stairs":2,"minecraft:string":21,"minecraft:smooth_stone_slab":5,"minecraft:pufferfish":1,"minecraft:experience_bottle":1,"minecraft:cobbled_deepslate":2,"biomesoplenty:fir_planks":45,"minecraft:spruce_planks":5,"minecraft:rose_bush":2,"minecraft:warped_slab":1,"minecraft:cobblestone_slab":2,"alexsmobs:raccoon_tail":1,"minecraft:mangrove_log":8,"farmersdelight:cabbage_seeds":14,"minecraft:stick":143,"minecraft:beehive":2,"minecraft:torch":12,"minecraft:green_bed":4,"minecraft:spruce_stairs":1,"minecraft:pink_carpet":9,"minecraft:snow_block":2,"simplyswords:gold_spear":1,"minecraft:honey_bottle":1,"minecraft:rotten_flesh":42,"farmersdelight:onion":2,"minecraft:mangrove_roots":1,"supplementaries:ash":4,"minecraft:leather_horse_armor":1,"minecraft:snowball":104,"minecraft:iron_bars":3,"minecraft:cobblestone":333,"minecraft:lilac":12,"minecraft:feather":3,"minecraft:cooked_beef":130,"minecraft:andesite":4,"biomesoplenty:fir_sapling":106,"biomesoplenty:fir_log":541,"minecraft:flint":2,"minecraft:tuff":1,"minecraft:stripped_spruce_wood":2,"minecraft:dirt":322,"minecraft:lantern":3,"minecraft:name_tag":1,"minecraft:leather_boots":1,"minecraft:bone":38,"minecraft:bow":3,"minecraft:wheat_seeds":14,"minecraft:oak_planks":18,"minecraft:diorite_wall":1,"minecraft:stripped_spruce_log":38,"minecraft:barrel":1,"minecraft:mossy_cobblestone":6,"minecraft:spruce_fence_gate":1,"minecraft:green_concrete":1,"waystones:waystone":5,"minecraft:bread":75,"minecraft:emerald":7,"minecraft:oak_sapling":2,"minecraft:light_gray_carpet":8,"minecraft:bricks":7,"minecraft:crafting_table":8,"minecraft:mud":54,"minecraft:coarse_dirt":2,"minecraft:allium":2,"minecraft:ladder":3,"gravestone:obituary":34,"minecraft:oak_trapdoor":1,"minecraft:red_bed":2,"minecraft:moss_carpet":1,"minecraft:wooden_sword":1,"minecraft:item_frame":12,"minecraft:blue_orchid":1,"quark:spruce_chest":2,"minecraft:candle":2,"minecraft:beef":8,"minecraft:poppy":2,"minecraft:spruce_slab":1,"minecraft:piston":1,"minecraft:spruce_trapdoor":4,"minecraft:spruce_fence":10,"sophisticatedbackpacks:backpack":3,"minecraft:stone_button":3,"minecraft:redstone":2,"immersive_weathering:permafrost":5,"minecraft:dark_oak_planks":1,"minecraft:arrow":33,"minecraft:hay_block":39,"minecraft:stripped_dark_oak_wood":1,"minecraft:saddle":1,"minecraft:glow_berries":1,"minecraft:mutton":10,"minecraft:skeleton_skull":2,"minecraft:white_wool":4,"minecraft:cracked_deepslate_tiles":2,"minecraft:stripped_oak_log":2,"minecraft:dark_oak_button":1,"minecraft:leather":11,"minecraft:oak_log":12,"minecraft:jungle_button":1,"minecraft:gunpowder":8,"minecraft:cobblestone_stairs":4,"minecraft:blue_bed":2,"minecraft:paper":1,"minecraft:cooked_mutton":1,"minecraft:stone_bricks":2,"minecraft:gray_carpet":1,"minecraft:iron_ingot":5,"minecraft:stone_pickaxe":1,"minecraft:iron_sword":4,"minecraft:dark_oak_stairs":10,"minecraft:dark_oak_slab":2,"minecraft:pumpkin":2,"minecraft:sweet_berries":1158,"minecraft:dandelion":1,"minecraft:gravel":23,"minecraft:amethyst_shard":10,"minecraft:spruce_sapling":38,"minecraft:red_banner":4,"minecraft:spruce_log":140,"minecraft:green_carpet":32,"minecraft:spruce_door":1,"minecraft:purple_bed":1,"minecraft:polished_diorite":4,"minecraft:iron_helmet":1,"minecraft:gray_wool":1,"minecraft:lodestone":3,"minecraft:oak_button":1,"minecraft:stripped_dark_oak_log":3,"minecraft:coal":46},"minecraft:mined":{"minecraft:spruce_planks":2,"minecraft:cobblestone_stairs":2,"minecraft:warped_stairs":1,"minecraft:budding_amethyst":1,"minecraft:grass_block":7,"minecraft:spawner":1,"immersive_weathering:biomesoplenty/fir_leaf_pile":1,"minecraft:pumpkin":3,"minecraft:stripped_dark_oak_wood":1,"minecraft:iron_bars":1,"minecraft:blue_orchid":1,"minecraft:green_bed":4,"minecraft:red_bed":3,"immersive_weathering:spruce_leaf_pile":5,"minecraft:amethyst_cluster":2,"minecraft:powder_snow":149,"minecraft:torch":6,"minecraft:poppy":4,"minecraft:cobblestone":27,"minecraft:oak_planks":1,"minecraft:bricks":2,"minecraft:wall_torch":3,"minecraft:dark_oak_slab":2,"minecraft:mud":26,"minecraft:grass":44,"minecraft:dirt":12,"minecraft:mangrove_log":1,"immersive_weathering:frosty_grass":2,"minecraft:piston":1,"minecraft:oak_leaves":1,"minecraft:mossy_cobblestone":5,"immersive_weathering:grassy_permafrost":3,"biomesoplenty:desert_grass":5,"gravestone:gravestone":58,"minecraft:ladder":3,"minecraft:spruce_fence":5,"minecraft:spruce_leaves":21,"biomesoplenty:dead_grass":3,"minecraft:hay_block":39,"minecraft:snow":1,"minecraft:andesite":2,"minecraft:stripped_spruce_log":5,"treechop:chopped_log":11,"minecraft:stone":122,"minecraft:podzol":2,"minecraft:brown_stained_glass_pane":1,"minecraft:snow_block":1,"minecraft:stripped_dark_oak_log":3,"minecraft:dandelion":1,"minecraft:crafting_table":8,"biomesoplenty:fir_planks":1,"minecraft:rose_bush":2,"minecraft:deepslate_coal_ore":3,"minecraft:blue_bed":2,"immersive_weathering:permafrost":2,"minecraft:stripped_spruce_wood":3,"minecraft:sweet_berry_bush":4,"minecraft:ice":2,"minecraft:spruce_log":7,"minecraft:mangrove_leaves":5,"minecraft:red_wall_banner":1,"minecraft:coal_ore":40,"biomesoplenty:fir_leaves":2,"quark:spruce_chest":2,"minecraft:gravel":9,"minecraft:gray_carpet":1,"minecraft:lodestone":1,"minecraft:cobweb":5,"minecraft:stone_bricks":3,"minecraft:fern":29,"minecraft:warped_slab":1},"minecraft:killed":{"minecraft:witch":1,"minecraft:spider":5,"minecraft:skeleton":24,"alexsmobs:grizzly_bear":1,"minecraft:zombie_villager":3,"minecraft:pillager":3,"minecraft:zombie":18,"minecraft:cow":5,"minecraft:vindicator":4,"minecraft:villager":1},"minecraft:crafted":{"minecraft:oak_planks":48,"minecraft:wooden_shovel":4,"sophisticatedbackpacks:backpack":2,"minecraft:crafting_table":10,"minecraft:spruce_planks":144,"minecraft:wooden_pickaxe":5,"biomesoplenty:fir_planks":2204,"minecraft:stick":304,"quark:oak_chest":2,"minecraft:stone_sword":1,"minecraft:wooden_sword":4,"simplyswords:iron_sai":2,"minecraft:stone_pickaxe":1,"minecraft:dark_oak_planks":16,"minecraft:wheat":342,"minecraft:cooked_beef":1,"minecraft:mangrove_planks":32,"minecraft:stone_axe":2,"minecraft:bread":111,"minecraft:air":0,"biomesoplenty:fir_fence":576,"minecraft:wooden_axe":2,"minecraft:torch":16}},"DataVersion":3465}