{"stats":{"minecraft:custom":{"minecraft:interact_with_anvil":1,"minecraft:mob_kills":8,"minecraft:interact_with_crafting_table":12,"minecraft:open_barrel":1,"minecraft:bell_ring":41,"minecraft:damage_dealt_resisted":18,"minecraft:leave_game":5,"minecraft:time_since_death":7252,"minecraft:climb_one_cm":2508,"minecraft:sprint_one_cm":909554,"minecraft:walk_one_cm":1178503,"minecraft:drop":55,"minecraft:damage_dealt_absorbed":14,"minecraft:talked_to_villager":2,"minecraft:play_time":214110,"minecraft:deaths":28,"minecraft:sneak_time":3757,"minecraft:walk_under_water_one_cm":3709,"minecraft:jump":2153,"minecraft:walk_on_water_one_cm":19437,"minecraft:total_world_time":214110,"minecraft:interact_with_loom":1,"minecraft:sleep_in_bed":2,"minecraft:time_since_rest":7278,"minecraft:waystone_activated":1,"minecraft:damage_taken":7706,"minecraft:damage_dealt":2045,"minecraft:swim_one_cm":7614,"minecraft:fly_one_cm":1338060,"minecraft:player_kills":1,"minecraft:open_chest":21,"minecraft:crouch_one_cm":27709,"minecraft:fall_one_cm":41835,"minecraft:inspect_dispenser":15},"minecraft:picked_up":{"minecraft:mud":52,"minecraft:crafting_table":2,"minecraft:lead":2,"gravestone:obituary":6,"minecraft:string":2,"minecraft:moss_carpet":1,"minecraft:item_frame":4,"minecraft:pufferfish":1,"minecraft:experience_bottle":1,"minecraft:blue_orchid":1,"minecraft:spruce_planks":1,"minecraft:poppy":1,"alexsmobs:raccoon_tail":1,"minecraft:piston":1,"minecraft:mangrove_log":8,"minecraft:stick":19,"minecraft:torch":2,"minecraft:green_bed":3,"minecraft:pink_carpet":9,"minecraft:spruce_fence":3,"minecraft:redstone":1,"minecraft:arrow":1,"minecraft:honey_bottle":1,"minecraft:rotten_flesh":14,"minecraft:hay_block":2,"minecraft:stripped_dark_oak_wood":1,"minecraft:mangrove_roots":1,"minecraft:saddle":1,"supplementaries:ash":1,"minecraft:leather_horse_armor":1,"minecraft:mutton":10,"minecraft:snowball":44,"minecraft:white_wool":4,"minecraft:cobblestone":10,"minecraft:cooked_beef":130,"minecraft:feather":3,"minecraft:dark_oak_button":1,"minecraft:flint":1,"minecraft:gunpowder":4,"minecraft:dirt":153,"minecraft:paper":1,"minecraft:lantern":2,"minecraft:name_tag":1,"minecraft:bone":2,"minecraft:bow":1,"minecraft:wheat_seeds":12,"minecraft:dark_oak_slab":2,"minecraft:pumpkin":2,"minecraft:sweet_berries":1158,"minecraft:gravel":11,"minecraft:amethyst_shard":10,"minecraft:spruce_sapling":38,"minecraft:stripped_spruce_log":3,"minecraft:spruce_log":83,"minecraft:green_carpet":32,"minecraft:gray_wool":1,"minecraft:bread":6,"minecraft:oak_button":1,"minecraft:light_gray_carpet":8,"minecraft:stripped_dark_oak_log":3,"minecraft:bricks":5,"minecraft:coal":12},"minecraft:dropped":{"minecraft:bread":2,"minecraft:wheat_seeds":1,"minecraft:cooked_beef":4,"minecraft:tropical_fish":1,"minecraft:stick":1,"minecraft:pufferfish":1,"minecraft:torch":2,"gravestone:obituary":16,"minecraft:amethyst_shard":10,"minecraft:dark_oak_planks":1,"minecraft:moss_carpet":1,"minecraft:sweet_berries":17,"alexsmobs:animal_dictionary":2,"minecraft:honey_bottle":1,"patchouli:guide_book":1,"minecraft:blue_orchid":1,"minecraft:wooden_pickaxe":1},"minecraft:mined":{"minecraft:spruce_planks":1,"gravestone:gravestone":14,"minecraft:budding_amethyst":1,"minecraft:grass_block":2,"minecraft:spruce_fence":2,"minecraft:spruce_leaves":13,"minecraft:hay_block":2,"minecraft:snow":1,"minecraft:stripped_spruce_log":3,"minecraft:pumpkin":3,"treechop:chopped_log":6,"minecraft:stripped_dark_oak_wood":1,"minecraft:stone":10,"minecraft:green_bed":3,"minecraft:podzol":2,"immersive_weathering:spruce_leaf_pile":4,"minecraft:snow_block":1,"minecraft:stripped_dark_oak_log":3,"minecraft:amethyst_cluster":2,"minecraft:powder_snow":29,"minecraft:crafting_table":2,"minecraft:poppy":3,"minecraft:dark_oak_slab":2,"minecraft:mud":23,"minecraft:sweet_berry_bush":4,"minecraft:ice":2,"minecraft:spruce_log":1,"minecraft:mangrove_leaves":5,"minecraft:grass":17,"minecraft:coal_ore":13,"minecraft:mangrove_log":1,"minecraft:piston":1,"immersive_weathering:frosty_grass":1,"minecraft:fern":18},"minecraft:killed_by":{"minecraft:player":1,"minecraft:creeper":7,"minecraft:spider":2,"minecraft:pillager":1,"minecraft:pufferfish":2,"mutantmonsters:mutant_skeleton":1,"minecraft:skeleton":5,"minecraft:zombie":2},"minecraft:killed":{"minecraft:spider":2,"minecraft:skeleton":1,"minecraft:zombie":3},"minecraft:crafted":{"minecraft:wooden_sword":2,"minecraft:stone_pickaxe":1,"minecraft:dark_oak_planks":16,"minecraft:wooden_shovel":2,"minecraft:crafting_table":4,"minecraft:spruce_planks":12,"minecraft:wooden_pickaxe":2,"minecraft:mangrove_planks":32,"minecraft:stone_axe":1,"minecraft:bread":4,"minecraft:stick":16,"minecraft:wooden_axe":2,"minecraft:stone_sword":1},"minecraft:used":{"minecraft:oak_trapdoor":37,"minecraft:oak_fence":2,"minecraft:trident":15,"cfm:oak_mail_box":1,"minecraft:stone_sword":13,"minecraft:flint_and_steel":4,"minecraft:dispenser":6,"minecraft:redstone":24,"minecraft:oak_sign":1,"minecraft:light_gray_carpet":24,"minecraft:spruce_planks":6,"minecraft:chest":1,"minecraft:zombie_spawn_egg":5,"minecraft:wooden_shovel":44,"minecraft:bell":9,"minecraft:rotten_flesh":3,"minecraft:torch":8,"minecraft:dirt":17,"minecraft:anvil":2,"supplementaries:faucet":4,"cfm:oak_desk":9,"minecraft:pink_carpet":27,"minecraft:spruce_fence":4,"minecraft:snowball":21,"farmersdelight:rope":1,"supplementaries:jar":11,"minecraft:stone_brick_slab":6,"minecraft:wooden_axe":24,"minecraft:name_tag":1,"cfm:black_sofa":7,"minecraft:lava_bucket":3,"cfm:oak_bedside_cabinet":2,"minecraft:bricks":572,"cfm:flowering_azalea_hedge":9,"minecraft:grass_block":2,"minecraft:iron_axe":24,"minecraft:brick_stairs":68,"minecraft:stone_brick_stairs":20,"minecraft:glowstone":53,"minecraft:sweet_berries":28,"alexsmobs:spawn_egg_blobfish":1,"minecraft:podzol":112,"minecraft:stone_pressure_plate":2,"minecraft:cooked_beef":7,"minecraft:mossy_stone_brick_wall":33,"minecraft:water_bucket":10,"minecraft:cobblestone_stairs":19,"cfm:oak_park_bench":2,"minecraft:mangrove_planks":5,"quark:hollow_birch_log":5,"minecraft:wooden_pickaxe":26,"minetraps:razor_wire":298,"minecraft:green_bed":2,"minecraft:cobblestone_slab":4,"minecraft:tnt":4,"minecraft:crafting_table":5,"minecraft:spruce_log":1,"cfm:oak_chair":9,"minecraft:redstone_torch":4,"minecraft:sticky_piston":10,"waystones:waystone":1,"minecraft:mud":12,"minecraft:lever":4,"minecraft:command_block":1,"minecraft:bread":19,"minecraft:oak_button":5,"minecraft:leather_helmet":1,"minecraft:gravel":11,"minecraft:stone_axe":21,"minecraft:green_carpet":159,"minecraft:wooden_sword":30,"minecraft:cobblestone":90,"minecraft:pufferfish_bucket":5,"minecraft:bucket":5,"cfm:birch_blinds":10,"minecraft:glass_pane":98,"alexsmobs:animal_dictionary":1,"minecraft:tropical_fish_bucket":15,"minecraft:oak_hanging_sign":2}},"DataVersion":3465}