{"stats":{"minecraft:picked_up":{"minecraft:cooked_beef":128,"minecraft:lead":2,"gravestone:obituary":1,"minecraft:gunpowder":4,"minecraft:dirt":149,"minecraft:moss_carpet":1,"minecraft:name_tag":1,"minecraft:wheat_seeds":4,"alexsmobs:raccoon_tail":1,"minecraft:stick":13,"minecraft:sweet_berries":1149,"minecraft:torch":2,"minecraft:pink_carpet":8,"minecraft:spruce_fence":1,"minecraft:spruce_sapling":34,"minecraft:spruce_log":62,"minecraft:redstone":1,"minecraft:green_carpet":32,"minecraft:honey_bottle":1,"minecraft:rotten_flesh":2,"minecraft:oak_button":1,"minecraft:light_gray_carpet":8,"minecraft:bricks":2},"minecraft:killed_by":{"minecraft:skeleton":1,"minecraft:creeper":1,"minecraft:zombie":1,"minecraft:pufferfish":1},"minecraft:dropped":{"minecraft:moss_carpet":1,"minecraft:sweet_berries":17,"minecraft:cooked_beef":3,"alexsmobs:animal_dictionary":1,"minecraft:tropical_fish":1,"minecraft:honey_bottle":1,"patchouli:guide_book":1,"minecraft:torch":2,"gravestone:obituary":1},"minecraft:used":{"minecraft:oak_fence":2,"minecraft:oak_trapdoor":37,"cfm:oak_mail_box":1,"minecraft:water_bucket":10,"minecraft:trident":15,"minecraft:cobblestone_stairs":19,"minecraft:flint_and_steel":4,"cfm:oak_park_bench":2,"minecraft:dispenser":6,"minecraft:redstone":24,"minecraft:light_gray_carpet":24,"minecraft:oak_sign":1,"quark:hollow_birch_log":5,"minecraft:chest":1,"minecraft:zombie_spawn_egg":5,"minetraps:razor_wire":298,"minecraft:bell":9,"minecraft:cobblestone_slab":4,"minecraft:torch":8,"minecraft:dirt":14,"minecraft:anvil":2,"minecraft:tnt":4,"supplementaries:faucet":4,"cfm:oak_desk":9,"minecraft:pink_carpet":26,"minecraft:spruce_fence":4,"farmersdelight:rope":1,"cfm:oak_chair":9,"minecraft:redstone_torch":4,"supplementaries:jar":11,"minecraft:sticky_piston":10,"waystones:waystone":1,"minecraft:stone_brick_slab":4,"minecraft:lever":4,"minecraft:name_tag":1,"minecraft:lava_bucket":2,"cfm:oak_bedside_cabinet":2,"cfm:black_sofa":7,"minecraft:bricks":562,"cfm:flowering_azalea_hedge":9,"minecraft:command_block":1,"minecraft:grass_block":2,"minecraft:iron_axe":24,"minecraft:oak_button":5,"minecraft:brick_stairs":68,"minecraft:stone_brick_stairs":20,"minecraft:green_carpet":159,"minecraft:glowstone":53,"minecraft:cobblestone":90,"minecraft:pufferfish_bucket":5,"minecraft:sweet_berries":19,"alexsmobs:spawn_egg_blobfish":1,"minecraft:podzol":86,"minecraft:bucket":5,"cfm:birch_blinds":10,"minecraft:glass_pane":86,"alexsmobs:animal_dictionary":1,"minecraft:stone_pressure_plate":2,"minecraft:cooked_beef":1,"minecraft:tropical_fish_bucket":15,"minecraft:oak_hanging_sign":2,"minecraft:mossy_stone_brick_wall":33},"minecraft:custom":{"minecraft:mob_kills":1,"minecraft:interact_with_anvil":1,"minecraft:bell_ring":27,"minecraft:leave_game":3,"minecraft:time_since_death":34149,"minecraft:climb_one_cm":336,"minecraft:time_since_rest":34187,"minecraft:waystone_activated":1,"minecraft:sprint_one_cm":253887,"minecraft:damage_taken":1195,"minecraft:walk_one_cm":633062,"minecraft:drop":28,"minecraft:damage_dealt":46,"minecraft:fly_one_cm":535306,"minecraft:open_chest":3,"minecraft:crouch_one_cm":23632,"minecraft:play_time":126088,"minecraft:deaths":8,"minecraft:sneak_time":3153,"minecraft:walk_under_water_one_cm":2863,"minecraft:jump":565,"minecraft:walk_on_water_one_cm":12174,"minecraft:total_world_time":126088,"minecraft:fall_one_cm":3872,"minecraft:inspect_dispenser":14},"minecraft:mined":{"minecraft:spruce_fence":1,"treechop:chopped_log":1}},"DataVersion":3465}