{
  "farmersdelight:main/root": {
    "criteria": {
      "seeds": "2024-06-28 20:13:51 +0000"
    },
    "done": true
  },
  "create:root": {
    "criteria": {
      "0": "2024-06-28 20:13:51 +0000"
    },
    "done": true
  },
  "takesapillage:root": {
    "criteria": {
      "always": "2024-06-28 20:13:52 +0000"
    },
    "done": true
  },
  "dungeons_arise:wda_root": {
    "criteria": {
      "WDA": "2024-06-28 20:13:52 +0000"
    },
    "done": true
  },
  "simplyswords:grant_book_on_first_join": {
    "criteria": {
      "tick": "2024-06-28 20:13:52 +0000"
    },
    "done": true
  },
  "cataclysm:root": {
    "criteria": {
      "custom_test_name": "2024-06-28 20:13:52 +0000"
    },
    "done": true
  },
  "ags_day_counter:day_counter_root_advancement": {
    "criteria": {
      "day_counter_root_advancement_0": "2024-06-28 20:13:52 +0000"
    },
    "done": true
  },
  "incendium:technical/new_player": {
    "criteria": {
      "requirement": "2024-06-28 20:13:52 +0000"
    },
    "done": true
  },
  "repurposed_structures:root": {
    "criteria": {
      "always": "2024-06-28 20:13:52 +0000"
    },
    "done": true
  },
  "incendium:technical/using/trailblazer": {
    "criteria": {
      "log_spam_fixer": "2024-06-28 20:13:53 +0000"
    },
    "done": false
  },
  "incendium:technical/scroll_of_returning": {
    "criteria": {
      "log_spam_fixer": "2024-06-28 20:13:53 +0000"
    },
    "done": false
  },
  "minecraft:adventure/adventuring_time": {
    "criteria": {
      "minecraft:taiga": "2024-06-30 03:21:06 +0000",
      "minecraft:frozen_river": "2024-06-30 02:30:45 +0000",
      "minecraft:river": "2024-06-30 02:58:10 +0000",
      "minecraft:snowy_plains": "2024-06-30 02:34:14 +0000",
      "minecraft:stony_shore": "2024-06-30 04:34:01 +0000",
      "minecraft:snowy_taiga": "2024-06-30 03:17:59 +0000",
      "minecraft:grove": "2024-06-30 04:35:32 +0000",
      "minecraft:jagged_peaks": "2024-06-30 04:35:56 +0000",
      "minecraft:cold_ocean": "2024-06-28 21:07:24 +0000",
      "minecraft:forest": "2024-06-30 03:08:34 +0000",
      "minecraft:ice_spikes": "2024-06-30 02:41:07 +0000",
      "minecraft:frozen_ocean": "2024-06-30 04:23:00 +0000",
      "minecraft:old_growth_spruce_taiga": "2024-06-28 20:13:53 +0000",
      "minecraft:snowy_beach": "2024-06-30 04:27:26 +0000",
      "minecraft:frozen_peaks": "2024-06-30 04:37:58 +0000",
      "minecraft:plains": "2024-06-30 02:34:16 +0000"
    },
    "done": false
  },
  "incendium:technical/using/ragnarok": {
    "criteria": {
      "log_spam_fixer": "2024-06-28 20:13:53 +0000"
    },
    "done": false
  },
  "incendium:technical/using/shield": {
    "criteria": {
      "log_spam_fixer": "2024-06-28 20:13:53 +0000"
    },
    "done": false
  },
  "regions_unexplored:parent": {
    "criteria": {
      "load_in_world": "2024-06-28 20:13:53 +0000"
    },
    "done": true
  },
  "farmersdelight:main/plant_all_crops": {
    "criteria": {
      "sweet_berries": "2024-06-28 21:12:06 +0000",
      "kelp": "2024-06-28 22:01:57 +0000"
    },
    "done": false
  },
  "immersive_weathering:immersive_weathering/dirts": {
    "criteria": {
      "dirt": "2024-06-28 21:13:20 +0000"
    },
    "done": false
  },
  "endrem:main/undead_eye": {
    "criteria": {
      "undead_eye": "2024-06-28 21:33:35 +0000"
    },
    "done": true
  },
  "endrem:main/root": {
    "criteria": {
      "undead_eye": "2024-06-28 21:33:35 +0000"
    },
    "done": true
  },
  "minecraft:husbandry/obtain_sniffer_egg": {
    "criteria": {
      "obtain_sniffer_egg": "2024-06-28 22:01:12 +0000"
    },
    "done": true
  },
  "quark:get_all_blossom_saplings": {
    "criteria": {
      "red": "2024-06-28 22:02:56 +0000"
    },
    "done": false
  },
  "minecraft:husbandry/root": {
    "criteria": {
      "consumed_item": "2024-06-28 22:17:34 +0000"
    },
    "done": true
  },
  "mutantmonsters:root": {
    "criteria": {
      "killed_something": "2024-06-29 19:22:07 +0000"
    },
    "done": true
  },
  "minecraft:adventure/root": {
    "criteria": {
      "killed_something": "2024-06-29 19:22:07 +0000"
    },
    "done": true
  },
  "biomesoplenty:biomesoplenty/all_biomes": {
    "criteria": {
      "cold_desert": "2024-06-30 01:39:05 +0000",
      "field": "2024-06-30 03:34:53 +0000",
      "coniferous_forest": "2024-06-30 02:14:14 +0000",
      "fir_clearing": "2024-06-30 02:44:10 +0000",
      "snowy_coniferous_forest": "2024-06-29 19:42:01 +0000",
      "snowy_fir_clearing": "2024-06-30 03:57:38 +0000"
    },
    "done": false
  },
  "biomesoplenty:biomesoplenty/root": {
    "criteria": {
      "snowy_coniferous_forest": "2024-06-29 19:42:01 +0000"
    },
    "done": true
  },
  "minecraft:husbandry/balanced_diet": {
    "criteria": {
      "cooked_mutton": "2024-06-30 01:39:59 +0000",
      "baked_potato": "2024-06-30 01:42:34 +0000",
      "bread": "2024-06-29 19:47:23 +0000",
      "golden_apple": "2024-06-30 02:20:15 +0000"
    },
    "done": false
  },
  "regions_unexplored:pioneer": {
    "criteria": {
      "autumnal_maple_forest": "2024-06-30 02:42:20 +0000",
      "frozen_pine_taiga": "2024-06-30 02:41:27 +0000",
      "maple_forest": "2024-06-30 03:06:03 +0000",
      "cold_boreal_taiga": "2024-06-30 04:43:52 +0000"
    },
    "done": false
  },
  "minecraft:story/obtain_armor": {
    "criteria": {
      "iron_leggings": "2024-06-30 02:16:28 +0000"
    },
    "done": true
  },
  "minecraft:adventure/sleep_in_bed": {
    "criteria": {
      "slept_in_bed": "2024-06-30 01:39:22 +0000"
    },
    "done": true
  },
  "minecraft:adventure/kill_all_mobs": {
    "criteria": {
      "minecraft:pillager": "2024-06-30 02:58:19 +0000",
      "minecraft:skeleton": "2024-06-30 02:23:05 +0000",
      "minecraft:vindicator": "2024-06-30 02:58:24 +0000",
      "minecraft:spider": "2024-06-30 03:11:29 +0000",
      "minecraft:creeper": "2024-06-30 02:38:22 +0000",
      "minecraft:witch": "2024-06-30 02:58:25 +0000",
      "minecraft:stray": "2024-06-30 02:28:02 +0000",
      "minecraft:zombie": "2024-06-30 03:23:42 +0000",
      "minecraft:zombie_villager": "2024-06-30 03:30:20 +0000"
    },
    "done": false
  },
  "minecraft:story/deflect_arrow": {
    "criteria": {
      "deflected_projectile": "2024-06-30 02:22:48 +0000"
    },
    "done": true
  },
  "dungeons_arise:find_lighthouse": {
    "criteria": {
      "location0": "2024-06-30 04:28:47 +0000"
    },
    "done": true
  },
  "minecraft:story/iron_tools": {
    "criteria": {
      "iron_pickaxe": "2024-06-30 02:17:14 +0000"
    },
    "done": true
  },
  "minecraft:adventure/kill_a_mob": {
    "criteria": {
      "minecraft:skeleton": "2024-06-30 02:23:05 +0000"
    },
    "done": true
  },
  "alexsmobs:alexsmobs/seagull_steal": {
    "criteria": {
      "ex": "2024-06-30 01:36:53 +0000"
    },
    "done": true
  },
  "minecraft:adventure/kill_mob_near_sculk_catalyst": {
    "criteria": {
      "kill_mob_near_sculk_catalyst": "2024-06-30 03:23:42 +0000"
    },
    "done": true
  },
  "dungeons_arise:find_abandoned_temple": {
    "criteria": {
      "location0": "2024-06-30 02:14:23 +0000"
    },
    "done": true
  },
  "regions_unexplored:regions_explored": {
    "criteria": {
      "autumnal_maple_forest": "2024-06-30 02:42:20 +0000",
      "frozen_pine_taiga": "2024-06-30 02:41:27 +0000",
      "maple_forest": "2024-06-30 03:06:03 +0000",
      "cold_boreal_taiga": "2024-06-30 04:43:52 +0000"
    },
    "done": false
  },
  "minecraft:story/mine_stone": {
    "criteria": {
      "get_stone": "2024-06-30 01:57:29 +0000"
    },
    "done": true
  },
  "alexsmobs:alexsmobs/grizzly_bear": {
    "criteria": {
      "killed_by": "2024-06-30 02:57:19 +0000"
    },
    "done": true
  },
  "minecraft:story/mine_diamond": {
    "criteria": {
      "diamond": "2024-06-30 02:23:14 +0000"
    },
    "done": true
  },
  "minecraft:story/upgrade_tools": {
    "criteria": {
      "stone_pickaxe": "2024-06-30 02:15:42 +0000"
    },
    "done": true
  },
  "minecraft:adventure/walk_on_powder_snow_with_leather_boots": {
    "criteria": {
      "walk_on_powder_snow_with_leather_boots": "2024-06-30 02:07:17 +0000"
    },
    "done": true
  },
  "minecraft:adventure/salvage_sherd": {
    "criteria": {
      "has_sherd": "2024-06-30 04:36:54 +0000"
    },
    "done": false
  },
  "aquamirae:adventure/root": {
    "criteria": {
      "crafting_table": "2024-06-30 01:57:58 +0000"
    },
    "done": true
  },
  "alexsmobs:alexsmobs/sunbird_blessing": {
    "criteria": {
      "all_effects": "2024-06-30 04:39:03 +0000"
    },
    "done": true
  },
  "farmersdelight:main/get_fd_seed": {
    "criteria": {
      "onion": "2024-06-30 01:40:10 +0000"
    },
    "done": true
  },
  "minecraft:story/root": {
    "criteria": {
      "crafting_table": "2024-06-30 01:57:58 +0000"
    },
    "done": true
  },
  "minecraft:story/form_obsidian": {
    "criteria": {
      "obsidian": "2024-06-30 02:23:30 +0000"
    },
    "done": true
  },
  "dungeons_arise:find_typhon": {
    "criteria": {
      "location0": "2024-06-30 04:18:30 +0000"
    },
    "done": true
  },
  "minecraft:adventure/shoot_arrow": {
    "criteria": {
      "shot_arrow": "2024-06-30 02:28:24 +0000"
    },
    "done": true
  },
  "minecraft:story/smelt_iron": {
    "criteria": {
      "iron": "2024-06-30 02:16:32 +0000"
    },
    "done": true
  },
  "DataVersion": 3465
}